Image_ID,Predicted_Label
1,Cat
2,Cat
3,Cat
4,Cat
5,Cat
10,Cat
11,Cat
12,Cat
13,Cat
14,Cat
15,Cat
16,Cat
17,Cat
18,Cat
19,Cat
20,Cat
21,Cat
22,Cat
23,Cat
24,Cat
25,Cat
26,Cat
27,Cat
28,Cat
29,Cat
30,Cat
31,Cat
32,Cat
33,Cat
34,Cat
35,Cat
36,Cat
37,Cat
38,Cat
39,Cat
40,Cat
41,Cat
42,Cat
43,Cat
44,Cat
45,Cat
46,Cat
47,Cat
48,Cat
49,Cat
50,Cat
51,Cat
52,Cat
53,Cat
54,Cat
55,Cat
56,Cat
57,Cat
58,Cat
100,Cat
101,Cat
102,Cat
103,Cat
104,Cat
105,Cat
106,Cat
107,Cat
108,Cat
109,Cat
110,Cat
111,Cat
112,Cat
113,Cat
114,Cat
115,Cat
116,Cat
117,Cat
118,Cat
119,Cat
120,Cat
121,Cat
122,Cat
123,Cat
124,Cat
125,Cat
126,Cat
127,Cat
128,Cat
129,Cat
130,Cat
131,Cat
132,Cat
133,Cat
134,Cat
135,Cat
136,Cat
137,Cat
138,Cat
139,Cat
140,Cat
141,Cat
142,Cat
143,Cat
144,Cat
145,Cat
146,Cat
147,Cat
148,Cat
149,Cat
150,Cat
151,Cat
152,Cat
153,Cat
154,Cat
155,Cat
156,Cat
157,Cat
158,Cat
159,Cat
160,Cat
161,Cat
162,Cat
163,Cat
164,Cat
165,Cat
166,Cat
167,Cat
168,Cat
169,Cat
170,Cat
171,Cat
172,Cat
173,Cat
174,Cat
175,Cat
176,Cat
177,Cat
178,Cat
179,Cat
180,Cat
181,Cat
182,Cat
183,Cat
184,Cat
185,Cat
186,Cat
187,Cat
188,Cat
189,Cat
190,Cat
191,Cat
192,Cat
193,Cat
194,Cat
195,Cat
196,Cat
197,Cat
198,Cat
199,Cat
200,Cat
201,Cat
202,Cat
203,Cat
204,Cat
205,Cat
206,Cat
207,Cat
208,Cat
209,Cat
210,Cat
211,Cat
212,Cat
213,Cat
214,Cat
215,Cat
216,Cat
217,Cat
218,Cat
219,Cat
220,Cat
221,Cat
222,Cat
223,Cat
224,Cat
225,Cat
226,Cat
227,Cat
228,Cat
229,Cat
230,Cat
231,Cat
232,Cat
233,Cat
234,Cat
235,Cat
236,Cat
237,Cat
238,Cat
239,Cat
240,Cat
241,Cat
242,Cat
243,Cat
244,Cat
245,Cat
246,Cat
247,Cat
248,Cat
249,Cat
250,Cat
251,Cat
252,Cat
253,Cat
254,Cat
255,Cat
256,Cat
257,Cat
258,Cat
259,Cat
260,Cat
261,Cat
262,Cat
263,Cat
264,Cat
265,Cat
266,Cat
267,Cat
268,Cat
269,Cat
270,Cat
271,Cat
272,Cat
273,Cat
274,Cat
275,Cat
276,Cat
277,Cat
278,Cat
279,Cat
280,Cat
281,Cat
282,Cat
283,Cat
284,Cat
285,Cat
286,Cat
287,Cat
288,Cat
289,Cat
290,Cat
291,Cat
292,Cat
293,Cat
294,Cat
295,Cat
296,Cat
297,Cat
298,Cat
299,Cat
300,Cat
301,Cat
302,Cat
303,Cat
304,Cat
305,Cat
306,Cat
307,Cat
308,Cat
309,Cat
310,Cat
311,Cat
312,Cat
313,Cat
314,Cat
315,Cat
316,Cat
317,Cat
318,Cat
319,Cat
320,Cat
321,Cat
322,Cat
323,Cat
324,Cat
325,Cat
326,Cat
327,Cat
328,Cat
329,Cat
330,Cat
331,Cat
332,Cat
333,Cat
334,Cat
335,Cat
336,Cat
337,Cat
338,Cat
339,Cat
340,Cat
341,Cat
342,Cat
343,Cat
344,Cat
345,Cat
346,Cat
347,Cat
348,Cat
349,Cat
350,Cat
351,Cat
352,Cat
353,Cat
354,Cat
355,Cat
356,Cat
357,Cat
358,Cat
359,Cat
360,Cat
361,Cat
362,Cat
363,Cat
364,Cat
365,Cat
366,Cat
367,Cat
368,Cat
369,Cat
370,Cat
371,Cat
372,Cat
373,Cat
374,Cat
375,Cat
376,Cat
377,Cat
378,Cat
379,Cat
380,Cat
381,Cat
382,Cat
383,Cat
384,Cat
385,Cat
386,Cat
387,Cat
388,Cat
389,Cat
390,Cat
391,Cat
392,Cat
393,Cat
394,Cat
395,Cat
396,Cat
397,Cat
398,Cat
399,Cat
400,Cat
401,Cat
402,Cat
403,Cat
404,Cat
405,Cat
406,Cat
407,Cat
408,Cat
409,Cat
410,Cat
411,Cat
412,Cat
413,Cat
414,Cat
415,Cat
416,Cat
417,Cat
418,Cat
419,Cat
420,Cat
421,Cat
422,Cat
423,Cat
424,Cat
425,Cat
426,Cat
427,Cat
428,Cat
429,Cat
430,Cat
431,Cat
432,Cat
433,Cat
434,Cat
435,Cat
436,Cat
437,Cat
438,Cat
439,Cat
440,Cat
441,Cat
442,Cat
443,Cat
444,Cat
445,Cat
446,Cat
447,Cat
448,Cat
449,Cat
450,Cat
451,Cat
452,Cat
453,Cat
454,Cat
455,Cat
456,Cat
457,Cat
458,Cat
459,Cat
460,Cat
461,Cat
462,Cat
463,Cat
464,Cat
465,Cat
466,Cat
467,Cat
468,Cat
469,Cat
470,Cat
471,Cat
472,Cat
473,Cat
474,Cat
475,Cat
476,Cat
477,Cat
478,Cat
479,Cat
480,Cat
481,Cat
482,Cat
483,Cat
484,Cat
485,Cat
486,Cat
487,Cat
488,Cat
489,Cat
490,Cat
491,Cat
492,Cat
493,Cat
494,Cat
495,Cat
496,Cat
497,Cat
498,Cat
499,Cat
500,Cat
501,Cat
502,Cat
503,Cat
504,Cat
505,Cat
506,Cat
507,Cat
508,Cat
509,Cat
510,Cat
511,Cat
512,Cat
513,Cat
514,Cat
515,Cat
516,Cat
517,Cat
518,Cat
519,Cat
520,Cat
521,Cat
522,Cat
523,Cat
524,Cat
525,Cat
526,Cat
527,Cat
528,Cat
529,Cat
530,Cat
531,Cat
532,Cat
533,Cat
534,Cat
535,Cat
536,Cat
537,Cat
538,Cat
539,Cat
540,Cat
541,Cat
542,Cat
543,Cat
544,Cat
545,Cat
546,Cat
547,Cat
548,Cat
549,Cat
550,Cat
551,Cat
552,Cat
553,Cat
554,Cat
555,Cat
556,Cat
557,Cat
558,Cat
559,Cat
560,Cat
561,Cat
562,Cat
563,Cat
564,Cat
565,Cat
566,Cat
567,Cat
568,Cat
569,Cat
570,Cat
571,Cat
572,Cat
573,Cat
574,Cat
575,Cat
576,Cat
577,Cat
578,Cat
579,Cat
580,Cat
581,Cat
1000,Cat
1001,Cat
1002,Cat
1003,Cat
1004,Cat
1005,Cat
1006,Cat
1007,Cat
1008,Cat
1009,Cat
1010,Cat
1011,Cat
1012,Cat
1013,Cat
1014,Cat
1015,Cat
1016,Cat
1017,Cat
1018,Cat
1019,Cat
1020,Cat
1021,Cat
1022,Cat
1023,Cat
1024,Cat
1025,Cat
1026,Cat
1027,Cat
1028,Cat
1029,Cat
1030,Cat
1031,Cat
1032,Cat
1033,Cat
1034,Cat
1035,Cat
1036,Cat
1037,Cat
1038,Cat
1039,Cat
1040,Cat
1041,Cat
1042,Cat
1043,Cat
1044,Cat
1045,Cat
1046,Cat
1047,Cat
1048,Cat
1049,Cat
1050,Cat
1051,Cat
1052,Cat
1053,Cat
1054,Cat
1055,Cat
1056,Cat
1057,Cat
1058,Cat
1059,Cat
1060,Cat
1061,Cat
1062,Cat
1063,Cat
1064,Cat
1065,Cat
1066,Cat
1067,Cat
1068,Cat
1069,Cat
1070,Cat
1071,Cat
1072,Cat
1073,Cat
1074,Cat
1075,Cat
1076,Cat
1077,Cat
1078,Cat
1079,Cat
1080,Cat
1081,Cat
1082,Cat
1083,Cat
1084,Cat
1085,Cat
1086,Cat
1087,Cat
1088,Cat
1089,Cat
1090,Cat
1091,Cat
1092,Cat
1093,Cat
1094,Cat
1095,Cat
1096,Cat
1097,Cat
1098,Cat
1099,Cat
1100,Cat
1101,Cat
1102,Cat
1103,Cat
1104,Cat
1105,Cat
1106,Cat
1107,Cat
1108,Cat
1109,Cat
1110,Cat
1111,Cat
1112,Cat
1113,Cat
1114,Cat
1115,Cat
1116,Cat
1117,Cat
1118,Cat
1119,Cat
1120,Cat
1121,Cat
1122,Cat
1123,Cat
1124,Cat
1125,Cat
1126,Cat
1127,Cat
1128,Cat
1129,Cat
1130,Cat
1131,Cat
1132,Cat
1133,Cat
1134,Cat
1135,Cat
1136,Cat
1137,Cat
1138,Cat
1139,Cat
1140,Cat
1141,Cat
1142,Cat
1143,Cat
1144,Cat
1145,Cat
1146,Cat
1147,Cat
1148,Cat
1149,Cat
1150,Cat
1151,Cat
1152,Cat
1153,Cat
1154,Cat
1155,Cat
1156,Cat
1157,Cat
1158,Cat
1159,Cat
1160,Cat
1161,Cat
1162,Cat
1163,Cat
1164,Cat
1165,Cat
1166,Cat
1167,Cat
1168,Cat
1169,Cat
1170,Cat
1171,Cat
1172,Cat
1173,Cat
1174,Cat
1175,Cat
1176,Cat
1177,Cat
1178,Cat
1179,Cat
1180,Cat
1181,Cat
1182,Cat
1183,Cat
1184,Cat
1185,Cat
1186,Cat
1187,Cat
1188,Cat
1189,Cat
1190,Cat
1191,Cat
1192,Cat
1193,Cat
1194,Cat
1195,Cat
1196,Cat
1197,Cat
1198,Cat
1199,Cat
1200,Cat
1201,Cat
1202,Cat
1203,Cat
1204,Cat
1205,Cat
1206,Cat
1207,Cat
1208,Cat
1209,Cat
1210,Cat
1211,Cat
1212,Cat
1213,Cat
1214,Cat
1215,Cat
1216,Cat
1217,Cat
1218,Cat
1219,Cat
1220,Cat
1221,Cat
1222,Cat
1223,Cat
1224,Cat
1225,Cat
1226,Cat
1227,Cat
1228,Cat
1229,Cat
1230,Cat
1231,Cat
1232,Cat
1233,Cat
1234,Cat
1235,Cat
1236,Cat
1237,Cat
1238,Cat
1239,Cat
1240,Cat
1241,Cat
1242,Cat
1243,Cat
1244,Cat
1245,Cat
1246,Cat
1247,Cat
1248,Cat
1249,Cat
1250,Cat
1251,Cat
1252,Cat
1253,Cat
1254,Cat
1255,Cat
1256,Cat
1257,Cat
1258,Cat
1259,Cat
1260,Cat
1261,Cat
1262,Cat
1263,Cat
1264,Cat
1265,Cat
1266,Cat
1267,Cat
1268,Cat
1269,Cat
1270,Cat
1271,Cat
1272,Cat
1273,Cat
1274,Cat
1275,Cat
1276,Cat
1277,Cat
1278,Cat
1279,Cat
1280,Cat
1281,Cat
1282,Cat
1283,Cat
1284,Cat
1285,Cat
1286,Cat
1287,Cat
1288,Cat
1289,Cat
1290,Cat
1291,Cat
1292,Cat
1293,Cat
1294,Cat
1295,Cat
1296,Cat
1297,Cat
1298,Cat
1299,Cat
1300,Cat
1301,Cat
1302,Cat
1303,Cat
1304,Cat
1305,Cat
1306,Cat
1307,Cat
1308,Cat
1309,Cat
1310,Cat
1311,Cat
1312,Cat
1313,Cat
1314,Cat
1315,Cat
1316,Cat
1317,Cat
1318,Cat
1319,Cat
1320,Cat
1321,Cat
1322,Cat
1323,Cat
1324,Cat
1325,Cat
1326,Cat
1327,Cat
1328,Cat
1329,Cat
1330,Cat
1331,Cat
1332,Cat
1333,Cat
1334,Cat
1335,Cat
1336,Cat
1337,Cat
1338,Cat
1339,Cat
1340,Cat
1341,Cat
1342,Cat
1343,Cat
1344,Cat
1345,Cat
1346,Cat
1347,Cat
1348,Cat
1349,Cat
1350,Cat
1351,Cat
1352,Cat
1353,Cat
1354,Cat
1355,Cat
1356,Cat
1357,Cat
1358,Cat
1359,Cat
1360,Cat
1361,Cat
1362,Cat
1363,Cat
1364,Cat
1365,Cat
1366,Cat
1367,Cat
1368,Cat
1369,Cat
1370,Cat
1371,Cat
1372,Cat
1373,Cat
1374,Cat
1375,Cat
1376,Cat
1377,Cat
1378,Cat
1379,Cat
1380,Cat
1381,Cat
1382,Cat
1383,Cat
1384,Cat
1385,Cat
1386,Cat
1387,Cat
1388,Cat
1389,Cat
1390,Cat
1391,Cat
1392,Cat
1393,Cat
1394,Cat
1395,Cat
1396,Cat
1397,Cat
1398,Cat
1399,Cat
1400,Cat
1401,Cat
1402,Cat
1403,Cat
1404,Cat
1405,Cat
1406,Cat
1407,Cat
1408,Cat
1409,Cat
1410,Cat
1411,Cat
1412,Cat
1413,Cat
1414,Cat
1415,Cat
1416,Cat
1417,Cat
1418,Cat
1419,Cat
1420,Cat
1421,Cat
1422,Cat
1423,Cat
1424,Cat
1425,Cat
1426,Cat
1427,Cat
1428,Cat
1429,Cat
1430,Cat
1431,Cat
1432,Cat
1433,Cat
1434,Cat
1435,Cat
1436,Cat
1437,Cat
1438,Cat
1439,Cat
1440,Cat
1441,Cat
1442,Cat
1443,Cat
1444,Cat
1445,Cat
1446,Cat
1447,Cat
1448,Cat
1449,Cat
1450,Cat
1451,Cat
1452,Cat
1453,Cat
1454,Cat
1455,Cat
1456,Cat
1457,Cat
1458,Cat
1459,Cat
1460,Cat
1461,Cat
1462,Cat
1463,Cat
1464,Cat
1465,Cat
1466,Cat
1467,Cat
1468,Cat
1469,Cat
1470,Cat
1471,Cat
1472,Cat
1473,Cat
1474,Cat
1475,Cat
1476,Cat
1477,Cat
1478,Cat
1479,Cat
1480,Cat
1481,Cat
1482,Cat
1483,Cat
1484,Cat
1485,Cat
1486,Cat
1487,Cat
1488,Cat
1489,Cat
1490,Cat
1491,Cat
1492,Cat
1493,Cat
1494,Cat
1495,Cat
1496,Cat
1497,Cat
1498,Cat
1499,Cat
1500,Cat
1501,Cat
1502,Cat
1503,Cat
1504,Cat
1505,Cat
1506,Cat
1507,Cat
1508,Cat
1509,Cat
1510,Cat
1511,Cat
1512,Cat
1513,Cat
1514,Cat
1515,Cat
1516,Cat
1517,Cat
1518,Cat
1519,Cat
1520,Cat
1521,Cat
1522,Cat
1523,Cat
1524,Cat
1525,Cat
1526,Cat
1527,Cat
1528,Cat
1529,Cat
1530,Cat
1531,Cat
1532,Cat
1533,Cat
1534,Cat
1535,Cat
1536,Cat
1537,Cat
1538,Cat
1539,Cat
1540,Cat
1541,Cat
1542,Cat
1543,Cat
1544,Cat
1545,Cat
1546,Cat
1547,Cat
1548,Cat
1549,Cat
1550,Cat
1551,Cat
1552,Cat
1553,Cat
1554,Cat
1555,Cat
1556,Cat
1557,Cat
1558,Cat
1559,Cat
1560,Cat
1561,Cat
1562,Cat
1563,Cat
1564,Cat
1565,Cat
1566,Cat
1567,Cat
1568,Cat
1569,Cat
1570,Cat
1571,Cat
1572,Cat
1573,Cat
1574,Cat
1575,Cat
1576,Cat
1577,Cat
1578,Cat
1579,Cat
1580,Cat
1581,Cat
1582,Cat
1583,Cat
1584,Cat
1585,Cat
1586,Cat
1587,Cat
1588,Cat
1589,Cat
1590,Cat
1591,Cat
1592,Cat
1593,Cat
1594,Cat
1595,Cat
1596,Cat
1597,Cat
1598,Cat
1599,Cat
1600,Cat
1601,Cat
1602,Cat
1603,Cat
1604,Cat
1605,Cat
1606,Cat
1607,Cat
1608,Cat
1609,Cat
1610,Cat
1611,Cat
1612,Cat
1613,Cat
1614,Cat
1615,Cat
1616,Cat
1617,Cat
1618,Cat
1619,Cat
1620,Cat
1621,Cat
1622,Cat
1623,Cat
1624,Cat
1625,Cat
1626,Cat
1627,Cat
1628,Cat
1629,Cat
1630,Cat
1631,Cat
1632,Cat
1633,Cat
1634,Cat
1635,Cat
1636,Cat
1637,Cat
1638,Cat
1639,Cat
1640,Cat
1641,Cat
1642,Cat
1643,Cat
1644,Cat
1645,Cat
1646,Cat
1647,Cat
1648,Cat
1649,Cat
1650,Cat
1651,Cat
1652,Cat
1653,Cat
1654,Cat
1655,Cat
1656,Cat
1657,Cat
1658,Cat
1659,Cat
1660,Cat
1661,Cat
1662,Cat
1663,Cat
1664,Cat
1665,Cat
1666,Cat
1667,Cat
1668,Cat
1669,Cat
1670,Cat
1671,Cat
1672,Cat
1673,Cat
1674,Cat
1675,Cat
1676,Cat
1677,Cat
1678,Cat
1679,Cat
1680,Cat
1681,Cat
1682,Cat
1683,Cat
1684,Cat
1685,Cat
1686,Cat
1687,Cat
1688,Cat
1689,Cat
1690,Cat
1691,Cat
1692,Cat
1693,Cat
1694,Cat
1695,Cat
1696,Cat
1697,Cat
1698,Cat
1699,Cat
1700,Cat
1701,Cat
1702,Cat
1703,Cat
1704,Cat
1705,Cat
1706,Cat
1707,Cat
1708,Cat
1709,Cat
1710,Cat
1711,Cat
1712,Cat
1713,Cat
1714,Cat
1715,Cat
1716,Cat
1717,Cat
1718,Cat
1719,Cat
1720,Cat
1721,Cat
1722,Cat
1723,Cat
1724,Cat
1725,Cat
1726,Cat
1727,Cat
1728,Cat
1729,Cat
1730,Cat
1731,Cat
1732,Cat
1733,Cat
1734,Cat
1735,Cat
1736,Cat
1737,Cat
1738,Cat
1739,Cat
1740,Cat
1741,Cat
1742,Cat
1743,Cat
1744,Cat
1745,Cat
1746,Cat
1747,Cat
1748,Cat
1749,Cat
1750,Cat
1751,Cat
1752,Cat
1753,Cat
1754,Cat
1755,Cat
1756,Cat
1757,Cat
1758,Cat
1759,Cat
1760,Cat
1761,Cat
1762,Cat
1763,Cat
1764,Cat
1765,Cat
1766,Cat
1767,Cat
1768,Cat
1769,Cat
1770,Cat
1771,Cat
1772,Cat
1773,Cat
1774,Cat
1775,Cat
1776,Cat
1777,Cat
1778,Cat
1779,Cat
1780,Cat
1781,Cat
1782,Cat
1783,Cat
1784,Cat
1785,Cat
1786,Cat
1787,Cat
1788,Cat
1789,Cat
1790,Cat
1791,Cat
1792,Cat
1793,Cat
1794,Cat
1795,Cat
1796,Cat
1797,Cat
1798,Cat
1799,Cat
1800,Cat
1801,Cat
1802,Cat
1803,Cat
1804,Cat
1805,Cat
1806,Cat
1807,Cat
1808,Cat
1809,Cat
1810,Cat
1811,Cat
1812,Cat
1813,Cat
1814,Cat
1815,Cat
1816,Cat
1817,Cat
1818,Cat
1819,Cat
1820,Cat
1821,Cat
1822,Cat
1823,Cat
1824,Cat
1825,Cat
1826,Cat
1827,Cat
1828,Cat
1829,Cat
1830,Cat
1831,Cat
1832,Cat
1833,Cat
1834,Cat
1835,Cat
1836,Cat
1837,Cat
1838,Cat
1839,Cat
1840,Cat
1841,Cat
1842,Cat
1843,Cat
1844,Cat
1845,Cat
1846,Cat
1847,Cat
1848,Cat
1849,Cat
1850,Cat
1851,Cat
1852,Cat
1853,Cat
1854,Cat
1855,Cat
1856,Cat
1857,Cat
1858,Cat
1859,Cat
1860,Cat
1861,Cat
1862,Cat
1863,Cat
1864,Cat
1865,Cat
1866,Cat
1867,Cat
1868,Cat
1869,Cat
1870,Cat
1871,Cat
1872,Cat
1873,Cat
1874,Cat
1875,Cat
1876,Cat
1877,Cat
1878,Cat
1879,Cat
1880,Cat
1881,Cat
1882,Cat
1883,Cat
1884,Cat
1885,Cat
1886,Cat
1887,Cat
1888,Cat
1889,Cat
1890,Cat
1891,Cat
1892,Cat
1893,Cat
1894,Cat
1895,Cat
1896,Cat
1897,Cat
1898,Cat
1899,Cat
1900,Cat
1901,Cat
1902,Cat
1903,Cat
1904,Cat
1905,Cat
1906,Cat
1907,Cat
1908,Cat
1909,Cat
1910,Cat
1911,Cat
1912,Cat
1913,Cat
1914,Cat
1915,Cat
1916,Cat
1917,Cat
1918,Cat
1919,Cat
1920,Cat
1921,Cat
1922,Cat
1923,Cat
1924,Cat
1925,Cat
1926,Cat
1927,Cat
1928,Cat
1929,Cat
1930,Cat
1931,Cat
1932,Cat
1933,Cat
1934,Cat
1935,Cat
1936,Cat
1937,Cat
1938,Cat
1939,Cat
1940,Cat
1941,Cat
1942,Cat
1943,Cat
1944,Cat
1945,Cat
1946,Cat
1947,Cat
1948,Cat
1949,Cat
1950,Cat
1951,Cat
1952,Cat
1953,Cat
1954,Cat
1955,Cat
1956,Cat
1957,Cat
1958,Cat
1959,Cat
1960,Cat
1961,Cat
1962,Cat
1963,Cat
1964,Cat
1965,Cat
1966,Cat
1967,Cat
1968,Cat
1969,Cat
1970,Cat
1971,Cat
1972,Cat
1973,Cat
1974,Cat
1975,Cat
1976,Cat
1977,Cat
1978,Cat
1979,Cat
1980,Cat
1981,Cat
1982,Cat
1983,Cat
1984,Cat
1985,Cat
1986,Cat
1987,Cat
1988,Cat
1989,Cat
1990,Cat
1991,Cat
1992,Cat
1993,Cat
1994,Cat
1995,Cat
1996,Cat
1997,Cat
1998,Cat
1999,Cat
2000,Cat
2001,Cat
2002,Cat
2003,Cat
2004,Cat
2005,Cat
2006,Cat
2007,Cat
2008,Cat
2009,Cat
2010,Cat
2011,Cat
2012,Cat
2013,Cat
2014,Cat
2015,Cat
2016,Cat
2017,Cat
2018,Cat
2019,Cat
2020,Cat
2021,Cat
2022,Cat
2023,Cat
2024,Cat
2025,Cat
2026,Cat
2027,Cat
2028,Cat
2029,Cat
2030,Cat
2031,Cat
2032,Cat
2033,Cat
2034,Cat
2035,Cat
2036,Cat
2037,Cat
2038,Cat
2039,Cat
2040,Cat
2041,Cat
2042,Cat
2043,Cat
2044,Cat
2045,Cat
2046,Cat
2047,Cat
2048,Cat
2049,Cat
2050,Cat
2051,Cat
2052,Cat
2053,Cat
2054,Cat
2055,Cat
2056,Cat
2057,Cat
2058,Cat
2059,Cat
2060,Cat
2061,Cat
2062,Cat
2063,Cat
2064,Cat
2065,Cat
2066,Cat
2067,Cat
2068,Cat
2069,Cat
2070,Cat
2071,Cat
2072,Cat
2073,Cat
2074,Cat
2075,Cat
2076,Cat
2077,Cat
2078,Cat
2079,Cat
2080,Cat
2081,Cat
2082,Cat
2083,Cat
2084,Cat
2085,Cat
2086,Cat
2087,Cat
2088,Cat
2089,Cat
2090,Cat
2091,Cat
2092,Cat
2093,Cat
2094,Cat
2095,Cat
2096,Cat
2097,Cat
2098,Cat
2099,Cat
2100,Cat
2101,Cat
2102,Cat
2103,Cat
2104,Cat
2105,Cat
2106,Cat
2107,Cat
2108,Cat
2109,Cat
2110,Cat
2111,Cat
2112,Cat
2113,Cat
2114,Cat
2115,Cat
2116,Cat
2117,Cat
2118,Cat
2119,Cat
2120,Cat
2121,Cat
2122,Cat
2123,Cat
2124,Cat
2125,Cat
2126,Cat
2127,Cat
2128,Cat
2129,Cat
2130,Cat
2131,Cat
2132,Cat
2133,Cat
2134,Cat
2135,Cat
2136,Cat
2137,Cat
2138,Cat
2139,Cat
2140,Cat
2141,Cat
2142,Cat
2143,Cat
2144,Cat
2145,Cat
2146,Cat
2147,Cat
2148,Cat
2149,Cat
2150,Cat
2151,Cat
2152,Cat
2153,Cat
2154,Cat
2155,Cat
2156,Cat
2157,Cat
2158,Cat
2159,Cat
2160,Cat
2161,Cat
2162,Cat
2163,Cat
2164,Cat
2165,Cat
2166,Cat
2167,Cat
2168,Cat
2169,Cat
2170,Cat
2171,Cat
2172,Cat
2173,Cat
2174,Cat
2175,Cat
2176,Cat
2177,Cat
2178,Cat
2179,Cat
2180,Cat
2181,Cat
2182,Cat
2183,Cat
2184,Cat
2185,Cat
2186,Cat
2187,Cat
2188,Cat
2189,Cat
2190,Cat
2191,Cat
2192,Cat
2193,Cat
2194,Cat
2195,Cat
2196,Cat
2197,Cat
2198,Cat
2199,Cat
2200,Cat
2201,Cat
2202,Cat
2203,Cat
2204,Cat
2205,Cat
2206,Cat
2207,Cat
2208,Cat
2209,Cat
2210,Cat
2211,Cat
2212,Cat
2213,Cat
2214,Cat
2215,Cat
2216,Cat
2217,Cat
2218,Cat
2219,Cat
2220,Cat
2221,Cat
2222,Cat
2223,Cat
2224,Cat
2225,Cat
2226,Cat
2227,Cat
2228,Cat
2229,Cat
2230,Cat
2231,Cat
2232,Cat
2233,Cat
2234,Cat
2235,Cat
2236,Cat
2237,Cat
2238,Cat
2239,Cat
2240,Cat
2241,Cat
2242,Cat
2243,Cat
2244,Cat
2245,Cat
2246,Cat
2247,Cat
2248,Cat
2249,Cat
2250,Cat
2251,Cat
2252,Cat
2253,Cat
2254,Cat
2255,Cat
2256,Cat
2257,Cat
2258,Cat
2259,Cat
2260,Cat
2261,Cat
2262,Cat
2263,Cat
2264,Cat
2265,Cat
2266,Cat
2267,Cat
2268,Cat
2269,Cat
2270,Cat
2271,Cat
2272,Cat
2273,Cat
2274,Cat
2275,Cat
2276,Cat
2277,Cat
2278,Cat
2279,Cat
2280,Cat
2281,Cat
2282,Cat
2283,Cat
2284,Cat
2285,Cat
2286,Cat
2287,Cat
2288,Cat
2289,Cat
2290,Cat
2291,Cat
2292,Cat
2293,Cat
2294,Cat
2295,Cat
2296,Cat
2297,Cat
2298,Cat
2299,Cat
2300,Cat
2301,Cat
2302,Cat
2303,Cat
2304,Cat
2305,Cat
2306,Cat
2307,Cat
2308,Cat
2309,Cat
2310,Cat
2311,Cat
2312,Cat
2313,Cat
2314,Cat
2315,Cat
2316,Cat
2317,Cat
2318,Cat
2319,Cat
2320,Cat
2321,Cat
2322,Cat
2323,Cat
2324,Cat
2325,Cat
2326,Cat
2327,Cat
2328,Cat
2329,Cat
2330,Cat
2331,Cat
2332,Cat
2333,Cat
2334,Cat
2335,Cat
2336,Cat
2337,Cat
2338,Cat
2339,Cat
2340,Cat
2341,Cat
2342,Cat
2343,Cat
2344,Cat
2345,Cat
2346,Cat
2347,Cat
2348,Cat
2349,Cat
2350,Cat
2351,Cat
2352,Cat
2353,Cat
2354,Cat
2355,Cat
2356,Cat
2357,Cat
2358,Cat
2359,Cat
2360,Cat
2361,Cat
2362,Cat
2363,Cat
2364,Cat
2365,Cat
2366,Cat
2367,Cat
2368,Cat
2369,Cat
2370,Cat
2371,Cat
2372,Cat
2373,Cat
2374,Cat
2375,Cat
2376,Cat
2377,Cat
2378,Cat
2379,Cat
2380,Cat
2381,Cat
2382,Cat
2383,Cat
2384,Cat
2385,Cat
2386,Cat
2387,Cat
2388,Cat
2389,Cat
2390,Cat
2391,Cat
2392,Cat
2393,Cat
2394,Cat
2395,Cat
2396,Cat
2397,Cat
2398,Cat
2399,Cat
2400,Cat
2401,Cat
2402,Cat
2403,Cat
2404,Cat
2405,Cat
2406,Cat
2407,Cat
2408,Cat
2409,Cat
2410,Cat
2411,Cat
2412,Cat
2413,Cat
2414,Cat
2415,Cat
2416,Cat
2417,Cat
2418,Cat
2419,Cat
2420,Cat
2421,Cat
2422,Cat
2423,Cat
2424,Cat
2425,Cat
2426,Cat
2427,Cat
2428,Cat
2429,Cat
2430,Cat
2431,Cat
2432,Cat
2433,Cat
2434,Cat
2435,Cat
2436,Cat
2437,Cat
2438,Cat
2439,Cat
2440,Cat
2441,Cat
2442,Cat
2443,Cat
2444,Cat
2445,Cat
2446,Cat
2447,Cat
2448,Cat
2449,Cat
2450,Cat
2451,Cat
2452,Cat
2453,Cat
2454,Cat
2455,Cat
2456,Cat
2457,Cat
2458,Cat
2459,Cat
2460,Cat
2461,Cat
2462,Cat
2463,Cat
2464,Cat
2465,Cat
2466,Cat
2467,Cat
2468,Cat
2469,Cat
2470,Cat
2471,Cat
2472,Cat
2473,Cat
2474,Cat
2475,Cat
2476,Cat
2477,Cat
2478,Cat
2479,Cat
2480,Cat
2481,Cat
2482,Cat
2483,Cat
2484,Cat
2485,Cat
2486,Cat
2487,Cat
2488,Cat
2489,Cat
2490,Cat
2491,Cat
2492,Cat
2493,Cat
2494,Cat
2495,Cat
2496,Cat
2497,Cat
2498,Cat
2499,Cat
2500,Cat
2501,Cat
2502,Cat
2503,Cat
2504,Cat
2505,Cat
2506,Cat
2507,Cat
2508,Cat
2509,Cat
2510,Cat
2511,Cat
2512,Cat
2513,Cat
2514,Cat
2515,Cat
2516,Cat
2517,Cat
2518,Cat
2519,Cat
2520,Cat
2521,Cat
2522,Cat
2523,Cat
2524,Cat
2525,Cat
2526,Cat
2527,Cat
2528,Cat
2529,Cat
2530,Cat
2531,Cat
2532,Cat
2533,Cat
2534,Cat
2535,Cat
2536,Cat
2537,Cat
2538,Cat
2539,Cat
2540,Cat
2541,Cat
2542,Cat
2543,Cat
2544,Cat
2545,Cat
2546,Cat
2547,Cat
2548,Cat
2549,Cat
2550,Cat
2551,Cat
2552,Cat
2553,Cat
2554,Cat
2555,Cat
2556,Cat
2557,Cat
2558,Cat
2559,Cat
2560,Cat
2561,Cat
2562,Cat
2563,Cat
2564,Cat
2565,Cat
2566,Cat
2567,Cat
2568,Cat
2569,Cat
2570,Cat
2571,Cat
2572,Cat
2573,Cat
2574,Cat
2575,Cat
2576,Cat
2577,Cat
2578,Cat
2579,Cat
2580,Cat
2581,Cat
2582,Cat
2583,Cat
2584,Cat
2585,Cat
2586,Cat
2587,Cat
2588,Cat
2589,Cat
2590,Cat
2591,Cat
2592,Cat
2593,Cat
2594,Cat
2595,Cat
2596,Cat
2597,Cat
2598,Cat
2599,Cat
2600,Cat
2601,Cat
2602,Cat
2603,Cat
2604,Cat
2605,Cat
2606,Cat
2607,Cat
2608,Cat
2609,Cat
2610,Cat
2611,Cat
2612,Cat
2613,Cat
2614,Cat
2615,Cat
2616,Cat
2617,Cat
2618,Cat
2619,Cat
2620,Cat
2621,Cat
2622,Cat
2623,Cat
2624,Cat
2625,Cat
2626,Cat
2627,Cat
2628,Cat
2629,Cat
2630,Cat
2631,Cat
2632,Cat
2633,Cat
2634,Cat
2635,Cat
2636,Cat
2637,Cat
2638,Cat
2639,Cat
2640,Cat
2641,Cat
2642,Cat
2643,Cat
2644,Cat
2645,Cat
2646,Cat
2647,Cat
2648,Cat
2649,Cat
2650,Cat
2651,Cat
2652,Cat
2653,Cat
2654,Cat
2655,Cat
2656,Cat
2657,Cat
2658,Cat
2659,Cat
2660,Cat
2661,Cat
2662,Cat
2663,Cat
2664,Cat
2665,Cat
2666,Cat
2667,Cat
2668,Cat
2669,Cat
2670,Cat
2671,Cat
2672,Cat
2673,Cat
2674,Cat
2675,Cat
2676,Cat
2677,Cat
2678,Cat
2679,Cat
2680,Cat
2681,Cat
2682,Cat
2683,Cat
2684,Cat
2685,Cat
2686,Cat
2687,Cat
2688,Cat
2689,Cat
2690,Cat
2691,Cat
2692,Cat
2693,Cat
2694,Cat
2695,Cat
2696,Cat
2697,Cat
2698,Cat
2699,Cat
2700,Cat
2701,Cat
2702,Cat
2703,Cat
2704,Cat
2705,Cat
2706,Cat
2707,Cat
2708,Cat
2709,Cat
2710,Cat
2711,Cat
2712,Cat
2713,Cat
2714,Cat
2715,Cat
2716,Cat
2717,Cat
2718,Cat
2719,Cat
2720,Cat
2721,Cat
2722,Cat
2723,Cat
2724,Cat
2725,Cat
2726,Cat
2727,Cat
2728,Cat
2729,Cat
2730,Cat
2731,Cat
2732,Cat
2733,Cat
2734,Cat
2735,Cat
2736,Cat
2737,Cat
2738,Cat
2739,Cat
2740,Cat
2741,Cat
2742,Cat
2743,Cat
2744,Cat
2745,Cat
2746,Cat
2747,Cat
2748,Cat
2749,Cat
2750,Cat
2751,Cat
2752,Cat
2753,Cat
2754,Cat
2755,Cat
2756,Cat
2757,Cat
2758,Cat
2759,Cat
2760,Cat
2761,Cat
2762,Cat
2763,Cat
2764,Cat
2765,Cat
2766,Cat
2767,Cat
2768,Cat
2769,Cat
2770,Cat
2771,Cat
2772,Cat
2773,Cat
2774,Cat
2775,Cat
2776,Cat
2777,Cat
2778,Cat
2779,Cat
2780,Cat
2781,Cat
2782,Cat
2783,Cat
2784,Cat
2785,Cat
2786,Cat
2787,Cat
2788,Cat
2789,Cat
2790,Cat
2791,Cat
2792,Cat
2793,Cat
2794,Cat
2795,Cat
2796,Cat
2797,Cat
2798,Cat
2799,Cat
2800,Cat
2801,Cat
2802,Cat
2803,Cat
2804,Cat
2805,Cat
2806,Cat
2807,Cat
2808,Cat
2809,Cat
2810,Cat
2811,Cat
2812,Cat
2813,Cat
2814,Cat
2815,Cat
2816,Cat
2817,Cat
2818,Cat
2819,Cat
2820,Cat
2821,Cat
2822,Cat
2823,Cat
2824,Cat
2825,Cat
2826,Cat
2827,Cat
2828,Cat
2829,Cat
2830,Cat
2831,Cat
2832,Cat
2833,Cat
2834,Cat
2835,Cat
2836,Cat
2837,Cat
2838,Cat
2839,Cat
2840,Cat
2841,Cat
2842,Cat
2843,Cat
2844,Cat
2845,Cat
2846,Cat
2847,Cat
2848,Cat
2849,Cat
2850,Cat
2851,Cat
2852,Cat
2853,Cat
2854,Cat
2855,Cat
2856,Cat
2857,Cat
2858,Cat
2859,Cat
2860,Cat
2861,Cat
2862,Cat
2863,Cat
2864,Cat
2865,Cat
2866,Cat
2867,Cat
2868,Cat
2869,Cat
2870,Cat
2871,Cat
2872,Cat
2873,Cat
2874,Cat
2875,Cat
2876,Cat
2877,Cat
2878,Cat
2879,Cat
2880,Cat
2881,Cat
2882,Cat
2883,Cat
2884,Cat
2885,Cat
2886,Cat
2887,Cat
2888,Cat
2889,Cat
2890,Cat
2891,Cat
2892,Cat
2893,Cat
2894,Cat
2895,Cat
2896,Cat
2897,Cat
2898,Cat
2899,Cat
2900,Cat
2901,Cat
2902,Cat
2903,Cat
2904,Cat
2905,Cat
2906,Cat
2907,Cat
2908,Cat
2909,Cat
2910,Cat
2911,Cat
2912,Cat
2913,Cat
2914,Cat
2915,Cat
2916,Cat
2917,Cat
2918,Cat
2919,Cat
2920,Cat
2921,Cat
2922,Cat
2923,Cat
2924,Cat
2925,Cat
2926,Cat
2927,Cat
2928,Cat
2929,Cat
2930,Cat
2931,Cat
2932,Cat
2933,Cat
2934,Cat
2935,Cat
2936,Cat
2937,Cat
2938,Cat
2939,Cat
2940,Cat
2941,Cat
2942,Cat
2943,Cat
2944,Cat
2945,Cat
2946,Cat
2947,Cat
2948,Cat
2949,Cat
2950,Cat
2951,Cat
2952,Cat
2953,Cat
2954,Cat
2955,Cat
2956,Cat
2957,Cat
2958,Cat
2959,Cat
2960,Cat
2961,Cat
2962,Cat
2963,Cat
2964,Cat
2965,Cat
2966,Cat
2967,Cat
2968,Cat
2969,Cat
2970,Cat
2971,Cat
2972,Cat
2973,Cat
2974,Cat
2975,Cat
2976,Cat
2977,Cat
2978,Cat
2979,Cat
2980,Cat
2981,Cat
2982,Cat
2983,Cat
2984,Cat
2985,Cat
2986,Cat
2987,Cat
2988,Cat
2989,Cat
2990,Cat
2991,Cat
2992,Cat
2993,Cat
2994,Cat
2995,Cat
2996,Cat
2997,Cat
2998,Cat
2999,Cat
3000,Cat
3001,Cat
3002,Cat
3003,Cat
3004,Cat
3005,Cat
3006,Cat
3007,Cat
3008,Cat
3009,Cat
3010,Cat
3011,Cat
3012,Cat
3013,Cat
3014,Cat
3015,Cat
3016,Cat
3017,Cat
3018,Cat
3019,Cat
3020,Cat
3021,Cat
3022,Cat
3023,Cat
3024,Cat
3025,Cat
3026,Cat
3027,Cat
3028,Cat
3029,Cat
3030,Cat
3031,Cat
3032,Cat
3033,Cat
3034,Cat
3035,Cat
3036,Cat
3037,Cat
3038,Cat
3039,Cat
3040,Cat
3041,Cat
3042,Cat
3043,Cat
3044,Cat
3045,Cat
3046,Cat
3047,Cat
3048,Cat
3049,Cat
3050,Cat
3051,Cat
3052,Cat
3053,Cat
3054,Cat
3055,Cat
3056,Cat
3057,Cat
3058,Cat
3059,Cat
3060,Cat
3061,Cat
3062,Cat
3063,Cat
3064,Cat
3065,Cat
3066,Cat
3067,Cat
3068,Cat
3069,Cat
3070,Cat
3071,Cat
3072,Cat
3073,Cat
3074,Cat
3075,Cat
3076,Cat
3077,Cat
3078,Cat
3079,Cat
3080,Cat
3081,Cat
3082,Cat
3083,Cat
3084,Cat
3085,Cat
3086,Cat
3087,Cat
3088,Cat
3089,Cat
3090,Cat
3091,Cat
3092,Cat
3093,Cat
3094,Cat
3095,Cat
3096,Cat
3097,Cat
3098,Cat
3099,Cat
3100,Cat
3101,Cat
3102,Cat
3103,Cat
3104,Cat
3105,Cat
3106,Cat
3107,Cat
3108,Cat
3109,Cat
3110,Cat
3111,Cat
3112,Cat
3113,Cat
3114,Cat
3115,Cat
3116,Cat
3117,Cat
3118,Cat
3119,Cat
3120,Cat
3121,Cat
3122,Cat
3123,Cat
3124,Cat
3125,Cat
3126,Cat
3127,Cat
3128,Cat
3129,Cat
3130,Cat
3131,Cat
3132,Cat
3133,Cat
3134,Cat
3135,Cat
3136,Cat
3137,Cat
3138,Cat
3139,Cat
3140,Cat
3141,Cat
3142,Cat
3143,Cat
3144,Cat
3145,Cat
3146,Cat
3147,Cat
3148,Cat
3149,Cat
3150,Cat
3151,Cat
3152,Cat
3153,Cat
3154,Cat
3155,Cat
3156,Cat
3157,Cat
3158,Cat
3159,Cat
3160,Cat
3161,Cat
3162,Cat
3163,Cat
3164,Cat
3165,Cat
3166,Cat
3167,Cat
3168,Cat
3169,Cat
3170,Cat
3171,Cat
3172,Cat
3173,Cat
3174,Cat
3175,Cat
3176,Cat
3177,Cat
3178,Cat
3179,Cat
3180,Cat
3181,Cat
3182,Cat
3183,Cat
3184,Cat
3185,Cat
3186,Cat
3187,Cat
3188,Cat
3189,Cat
3190,Cat
3191,Cat
3192,Cat
3193,Cat
3194,Cat
3195,Cat
3196,Cat
3197,Cat
3198,Cat
3199,Cat
3200,Cat
3201,Cat
3202,Cat
3203,Cat
3204,Cat
3205,Cat
3206,Cat
3207,Cat
3208,Cat
3209,Cat
3210,Cat
3211,Cat
3212,Cat
3213,Cat
3214,Cat
3215,Cat
3216,Cat
3217,Cat
3218,Cat
3219,Cat
3220,Cat
3221,Cat
3222,Cat
3223,Cat
3224,Cat
3225,Cat
3226,Cat
3227,Cat
3228,Cat
3229,Cat
3230,Cat
3231,Cat
3232,Cat
3233,Cat
3234,Cat
3235,Cat
3236,Cat
3237,Cat
3238,Cat
3239,Cat
3240,Cat
3241,Cat
3242,Cat
3243,Cat
3244,Cat
3245,Cat
3246,Cat
3247,Cat
3248,Cat
3249,Cat
3250,Cat
3251,Cat
3252,Cat
3253,Cat
3254,Cat
3255,Cat
3256,Cat
3257,Cat
3258,Cat
3259,Cat
3260,Cat
3261,Cat
3262,Cat
3263,Cat
3264,Cat
3265,Cat
3266,Cat
3267,Cat
3268,Cat
3269,Cat
3270,Cat
3271,Cat
3272,Cat
3273,Cat
3274,Cat
3275,Cat
3276,Cat
3277,Cat
3278,Cat
3279,Cat
3280,Cat
3281,Cat
3282,Cat
3283,Cat
3284,Cat
3285,Cat
3286,Cat
3287,Cat
3288,Cat
3289,Cat
3290,Cat
3291,Cat
3292,Cat
3293,Cat
3294,Cat
3295,Cat
3296,Cat
3297,Cat
3298,Cat
3299,Cat
3300,Cat
3301,Cat
3302,Cat
3303,Cat
3304,Cat
3305,Cat
3306,Cat
3307,Cat
3308,Cat
3309,Cat
3310,Cat
3311,Cat
3312,Cat
3313,Cat
3314,Cat
3315,Cat
3316,Cat
3317,Cat
3318,Cat
3319,Cat
3320,Cat
3321,Cat
3322,Cat
3323,Cat
3324,Cat
3325,Cat
3326,Cat
3327,Cat
3328,Cat
3329,Cat
3330,Cat
3331,Cat
3332,Cat
3333,Cat
3334,Cat
3335,Cat
3336,Cat
3337,Cat
3338,Cat
3339,Cat
3340,Cat
3341,Cat
3342,Cat
3343,Cat
3344,Cat
3345,Cat
3346,Cat
3347,Cat
3348,Cat
3349,Cat
3350,Cat
3351,Cat
3352,Cat
3353,Cat
3354,Cat
3355,Cat
3356,Cat
3357,Cat
3358,Cat
3359,Cat
3360,Cat
3361,Cat
3362,Cat
3363,Cat
3364,Cat
3365,Cat
3366,Cat
3367,Cat
3368,Cat
3369,Cat
3370,Cat
3371,Cat
3372,Cat
3373,Cat
3374,Cat
3375,Cat
3376,Cat
3377,Cat
3378,Cat
3379,Cat
3380,Cat
3381,Cat
3382,Cat
3383,Cat
3384,Cat
3385,Cat
3386,Cat
3387,Cat
3388,Cat
3389,Cat
3390,Cat
3391,Cat
3392,Cat
3393,Cat
3394,Cat
3395,Cat
3396,Cat
3397,Cat
3398,Cat
3399,Cat
3400,Cat
3401,Cat
3402,Cat
3403,Cat
3404,Cat
3405,Cat
3406,Cat
3407,Cat
3408,Cat
3409,Cat
3410,Cat
3411,Cat
3412,Cat
3413,Cat
3414,Cat
3415,Cat
3416,Cat
3417,Cat
3418,Cat
3419,Cat
3420,Cat
3421,Cat
3422,Cat
3423,Cat
3424,Cat
3425,Cat
3426,Cat
3427,Cat
3428,Cat
3429,Cat
3430,Cat
3431,Cat
3432,Cat
3433,Cat
3434,Cat
3435,Cat
3436,Cat
3437,Cat
3438,Cat
3439,Cat
3440,Cat
3441,Cat
3442,Cat
3443,Cat
3444,Cat
3445,Cat
3446,Cat
3447,Cat
3448,Cat
3449,Cat
3450,Cat
3451,Cat
3452,Cat
3453,Cat
3454,Cat
3455,Cat
3456,Cat
3457,Cat
3458,Cat
3459,Cat
3460,Cat
3461,Cat
3462,Cat
3463,Cat
3464,Cat
3465,Cat
3466,Cat
3467,Cat
3468,Cat
3469,Cat
3470,Cat
3471,Cat
3472,Cat
3473,Cat
3474,Cat
3475,Cat
3476,Cat
3477,Cat
3478,Cat
3479,Cat
3480,Cat
3481,Cat
3482,Cat
3483,Cat
3484,Cat
3485,Cat
3486,Cat
3487,Cat
3488,Cat
3489,Cat
3490,Cat
3491,Cat
3492,Cat
3493,Cat
3494,Cat
3495,Cat
3496,Cat
3497,Cat
3498,Cat
3499,Cat
3500,Cat
3501,Cat
3502,Cat
3503,Cat
3504,Cat
3505,Cat
3506,Cat
3507,Cat
3508,Cat
3509,Cat
3510,Cat
3511,Cat
3512,Cat
3513,Cat
3514,Cat
3515,Cat
3516,Cat
3517,Cat
3518,Cat
3519,Cat
3520,Cat
3521,Cat
3522,Cat
3523,Cat
3524,Cat
3525,Cat
3526,Cat
3527,Cat
3528,Cat
3529,Cat
3530,Cat
3531,Cat
3532,Cat
3533,Cat
3534,Cat
3535,Cat
3536,Cat
3537,Cat
3538,Cat
3539,Cat
3540,Cat
3541,Cat
3542,Cat
3543,Cat
3544,Cat
3545,Cat
3546,Cat
3547,Cat
3548,Cat
3549,Cat
3550,Cat
3551,Cat
3552,Cat
3553,Cat
3554,Cat
3555,Cat
3556,Cat
3557,Cat
3558,Cat
3559,Cat
3560,Cat
3561,Cat
3562,Cat
3563,Cat
3564,Cat
3565,Cat
3566,Cat
3567,Cat
3568,Cat
3569,Cat
3570,Cat
3571,Cat
3572,Cat
3573,Cat
3574,Cat
3575,Cat
3576,Cat
3577,Cat
3578,Cat
3579,Cat
3580,Cat
3581,Cat
3582,Cat
3583,Cat
3584,Cat
3585,Cat
3586,Cat
3587,Cat
3588,Cat
3589,Cat
3590,Cat
3591,Cat
3592,Cat
3593,Cat
3594,Cat
3595,Cat
3596,Cat
3597,Cat
3598,Cat
3599,Cat
3600,Cat
3601,Cat
3602,Cat
3603,Cat
3604,Cat
3605,Cat
3606,Cat
3607,Cat
3608,Cat
3609,Cat
3610,Cat
3611,Cat
3612,Cat
3613,Cat
3614,Cat
3615,Cat
3616,Cat
3617,Cat
3618,Cat
3619,Cat
3620,Cat
3621,Cat
3622,Cat
3623,Cat
3624,Cat
3625,Cat
3626,Cat
3627,Cat
3628,Cat
3629,Cat
3630,Cat
3631,Cat
3632,Cat
3633,Cat
3634,Cat
3635,Cat
3636,Cat
3637,Cat
3638,Cat
3639,Cat
3640,Cat
3641,Cat
3642,Cat
3643,Cat
3644,Cat
3645,Cat
3646,Cat
3647,Cat
3648,Cat
3649,Cat
3650,Cat
3651,Cat
3652,Cat
3653,Cat
3654,Cat
3655,Cat
3656,Cat
3657,Cat
3658,Cat
3659,Cat
3660,Cat
3661,Cat
3662,Cat
3663,Cat
3664,Cat
3665,Cat
3666,Cat
3667,Cat
3668,Cat
3669,Cat
3670,Cat
3671,Cat
3672,Cat
3673,Cat
3674,Cat
3675,Cat
3676,Cat
3677,Cat
3678,Cat
3679,Cat
3680,Cat
3681,Cat
3682,Cat
3683,Cat
3684,Cat
3685,Cat
3686,Cat
3687,Cat
3688,Cat
3689,Cat
3690,Cat
3691,Cat
3692,Cat
3693,Cat
3694,Cat
3695,Cat
3696,Cat
3697,Cat
3698,Cat
3699,Cat
3700,Cat
3701,Cat
3702,Cat
3703,Cat
3704,Cat
3705,Cat
3706,Cat
3707,Cat
3708,Cat
3709,Cat
3710,Cat
3711,Cat
3712,Cat
3713,Cat
3714,Cat
3715,Cat
3716,Cat
3717,Cat
3718,Cat
3719,Cat
3720,Cat
3721,Cat
3722,Cat
3723,Cat
3724,Cat
3725,Cat
3726,Cat
3727,Cat
3728,Cat
3729,Cat
3730,Cat
3731,Cat
3732,Cat
3733,Cat
3734,Cat
3735,Cat
3736,Cat
3737,Cat
3738,Cat
3739,Cat
3740,Cat
3741,Cat
3742,Cat
3743,Cat
3744,Cat
3745,Cat
3746,Cat
3747,Cat
3748,Cat
3749,Cat
3750,Cat
3751,Cat
3752,Cat
3753,Cat
3754,Cat
3755,Cat
3756,Cat
3757,Cat
3758,Cat
3759,Cat
3760,Cat
3761,Cat
3762,Cat
3763,Cat
3764,Cat
3765,Cat
3766,Cat
3767,Cat
3768,Cat
3769,Cat
3770,Cat
3771,Cat
3772,Cat
3773,Cat
3774,Cat
3775,Cat
3776,Cat
3777,Cat
3778,Cat
3779,Cat
3780,Cat
3781,Cat
3782,Cat
3783,Cat
3784,Cat
3785,Cat
3786,Cat
3787,Cat
3788,Cat
3789,Cat
3790,Cat
3791,Cat
3792,Cat
3793,Cat
3794,Cat
3795,Cat
3796,Cat
3797,Cat
3798,Cat
3799,Cat
3800,Cat
3801,Cat
3802,Cat
3803,Cat
3804,Cat
3805,Cat
3806,Cat
3807,Cat
3808,Cat
3809,Cat
3810,Cat
3811,Cat
3812,Cat
3813,Cat
3814,Cat
3815,Cat
3816,Cat
3817,Cat
3818,Cat
3819,Cat
3820,Cat
3821,Cat
3822,Cat
3823,Cat
3824,Cat
3825,Cat
3826,Cat
3827,Cat
3828,Cat
3829,Cat
3830,Cat
3831,Cat
3832,Cat
3833,Cat
3834,Cat
3835,Cat
3836,Cat
3837,Cat
3838,Cat
3839,Cat
3840,Cat
3841,Cat
3842,Cat
3843,Cat
3844,Cat
3845,Cat
3846,Cat
3847,Cat
3848,Cat
3849,Cat
3850,Cat
3851,Cat
3852,Cat
3853,Cat
3854,Cat
3855,Cat
3856,Cat
3857,Cat
3858,Cat
3859,Cat
3860,Cat
3861,Cat
3862,Cat
3863,Cat
3864,Cat
3865,Cat
3866,Cat
3867,Cat
3868,Cat
3869,Cat
3870,Cat
3871,Cat
3872,Cat
3873,Cat
3874,Cat
3875,Cat
3876,Cat
3877,Cat
3878,Cat
3879,Cat
3880,Cat
3881,Cat
3882,Cat
3883,Cat
3884,Cat
3885,Cat
3886,Cat
3887,Cat
3888,Cat
3889,Cat
3890,Cat
3891,Cat
3892,Cat
3893,Cat
3894,Cat
3895,Cat
3896,Cat
3897,Cat
3898,Cat
3899,Cat
3900,Cat
3901,Cat
3902,Cat
3903,Cat
3904,Cat
3905,Cat
3906,Cat
3907,Cat
3908,Cat
3909,Cat
3910,Cat
3911,Cat
3912,Cat
3913,Cat
3914,Cat
3915,Cat
3916,Cat
3917,Cat
3918,Cat
3919,Cat
3920,Cat
3921,Cat
3922,Cat
3923,Cat
3924,Cat
3925,Cat
3926,Cat
3927,Cat
3928,Cat
3929,Cat
3930,Cat
3931,Cat
3932,Cat
3933,Cat
3934,Cat
3935,Cat
3936,Cat
3937,Cat
3938,Cat
3939,Cat
3940,Cat
3941,Cat
3942,Cat
3943,Cat
3944,Cat
3945,Cat
3946,Cat
3947,Cat
3948,Cat
3949,Cat
3950,Cat
3951,Cat
3952,Cat
3953,Cat
3954,Cat
3955,Cat
3956,Cat
3957,Cat
3958,Cat
3959,Cat
3960,Cat
3961,Cat
3962,Cat
3963,Cat
3964,Cat
3965,Cat
3966,Cat
3967,Cat
3968,Cat
3969,Cat
3970,Cat
3971,Cat
3972,Cat
3973,Cat
3974,Cat
3975,Cat
3976,Cat
3977,Cat
3978,Cat
3979,Cat
3980,Cat
3981,Cat
3982,Cat
3983,Cat
3984,Cat
3985,Cat
3986,Cat
3987,Cat
3988,Cat
3989,Cat
3990,Cat
3991,Cat
3992,Cat
3993,Cat
3994,Cat
3995,Cat
3996,Cat
3997,Cat
3998,Cat
3999,Cat
4000,Cat
4001,Cat
4002,Cat
4003,Cat
4004,Cat
4005,Cat
4006,Cat
4007,Cat
4008,Cat
4009,Cat
4010,Cat
4011,Cat
4012,Cat
4013,Cat
4014,Cat
4015,Cat
4016,Cat
4017,Cat
4018,Cat
4019,Cat
4020,Cat
4021,Cat
4022,Cat
4023,Cat
4024,Cat
4025,Cat
4026,Cat
4027,Cat
4028,Cat
4029,Cat
4030,Cat
4031,Cat
4032,Cat
4033,Cat
4034,Cat
4035,Cat
4036,Cat
4037,Cat
4038,Cat
4039,Cat
4040,Cat
4041,Cat
4042,Cat
4043,Cat
4044,Cat
4045,Cat
4046,Cat
4047,Cat
4048,Cat
4049,Cat
4050,Cat
4051,Cat
4052,Cat
4053,Cat
4054,Cat
4055,Cat
4056,Cat
4057,Cat
4058,Cat
4059,Cat
4060,Cat
4061,Cat
4062,Cat
4063,Cat
4064,Cat
4065,Cat
4066,Cat
4067,Cat
4068,Cat
4069,Cat
4070,Cat
4071,Cat
4072,Cat
4073,Cat
4074,Cat
4075,Cat
4076,Cat
4077,Cat
4078,Cat
4079,Cat
4080,Cat
4081,Cat
4082,Cat
4083,Cat
4084,Cat
4085,Cat
4086,Cat
4087,Cat
4088,Cat
4089,Cat
4090,Cat
4091,Cat
4092,Cat
4093,Cat
4094,Cat
4095,Cat
4096,Cat
4097,Cat
4098,Cat
4099,Cat
4100,Cat
4101,Cat
4102,Cat
4103,Cat
4104,Cat
4105,Cat
4106,Cat
4107,Cat
4108,Cat
4109,Cat
4110,Cat
4111,Cat
4112,Cat
4113,Cat
4114,Cat
4115,Cat
4116,Cat
4117,Cat
4118,Cat
4119,Cat
4120,Cat
4121,Cat
4122,Cat
4123,Cat
4124,Cat
4125,Cat
4126,Cat
4127,Cat
4128,Cat
4129,Cat
4130,Cat
4131,Cat
4132,Cat
4133,Cat
4134,Cat
4135,Cat
4136,Cat
4137,Cat
4138,Cat
4139,Cat
4140,Cat
4141,Cat
4142,Cat
4143,Cat
4144,Cat
4145,Cat
4146,Cat
4147,Cat
4148,Cat
4149,Cat
4150,Cat
4151,Cat
4152,Cat
4153,Cat
4154,Cat
4155,Cat
4156,Cat
4157,Cat
4158,Cat
4159,Cat
4160,Cat
4161,Cat
4162,Cat
4163,Cat
4164,Cat
4165,Cat
4166,Cat
4167,Cat
4168,Cat
4169,Cat
4170,Cat
4171,Cat
4172,Cat
4173,Cat
4174,Cat
4175,Cat
4176,Cat
4177,Cat
4178,Cat
4179,Cat
4180,Cat
4181,Cat
4182,Cat
4183,Cat
4184,Cat
4185,Cat
4186,Cat
4187,Cat
4188,Cat
4189,Cat
4190,Cat
4191,Cat
4192,Cat
4193,Cat
4194,Cat
4195,Cat
4196,Cat
4197,Cat
4198,Cat
4199,Cat
4200,Cat
4201,Cat
4202,Cat
4203,Cat
4204,Cat
4205,Cat
4206,Cat
4207,Cat
4208,Cat
4209,Cat
4210,Cat
4211,Cat
4212,Cat
4213,Cat
4214,Cat
4215,Cat
4216,Cat
4217,Cat
4218,Cat
4219,Cat
4220,Cat
4221,Cat
4222,Cat
4223,Cat
4224,Cat
4225,Cat
4226,Cat
4227,Cat
4228,Cat
4229,Cat
4230,Cat
4231,Cat
4232,Cat
4233,Cat
4234,Cat
4235,Cat
4236,Cat
4237,Cat
4238,Cat
4239,Cat
4240,Cat
4241,Cat
4242,Cat
4243,Cat
4244,Cat
4245,Cat
4246,Cat
4247,Cat
4248,Cat
4249,Cat
4250,Cat
4251,Cat
4252,Cat
4253,Cat
4254,Cat
4255,Cat
4256,Cat
4257,Cat
4258,Cat
4259,Cat
4260,Cat
4261,Cat
4262,Cat
4263,Cat
4264,Cat
4265,Cat
4266,Cat
4267,Cat
4268,Cat
4269,Cat
4270,Cat
4271,Cat
4272,Cat
4273,Cat
4274,Cat
4275,Cat
4276,Cat
4277,Cat
4278,Cat
4279,Cat
4280,Cat
4281,Cat
4282,Cat
4283,Cat
4284,Cat
4285,Cat
4286,Cat
4287,Cat
4288,Cat
4289,Cat
4290,Cat
4291,Cat
4292,Cat
4293,Cat
4294,Cat
4295,Cat
4296,Cat
4297,Cat
4298,Cat
4299,Cat
4300,Cat
4301,Cat
4302,Cat
4303,Cat
4304,Cat
4305,Cat
4306,Cat
4307,Cat
4308,Cat
4309,Cat
4310,Cat
4311,Cat
4312,Cat
4313,Cat
4314,Cat
4315,Cat
4316,Cat
4317,Cat
4318,Cat
4319,Cat
4320,Cat
4321,Cat
4322,Cat
4323,Cat
4324,Cat
4325,Cat
4326,Cat
4327,Cat
4328,Cat
4329,Cat
4330,Cat
4331,Cat
4332,Cat
4333,Cat
4334,Cat
4335,Cat
4336,Cat
4337,Cat
4338,Cat
4339,Cat
4340,Cat
4341,Cat
4342,Cat
4343,Cat
4344,Cat
4345,Cat
4346,Cat
4347,Cat
4348,Cat
4349,Cat
4350,Cat
4351,Cat
4352,Cat
4353,Cat
4354,Cat
4355,Cat
4356,Cat
4357,Cat
4358,Cat
4359,Cat
4360,Cat
4361,Cat
4362,Cat
4363,Cat
4364,Cat
4365,Cat
4366,Cat
4367,Cat
4368,Cat
4369,Cat
4370,Cat
4371,Cat
4372,Cat
4373,Cat
4374,Cat
4375,Cat
4376,Cat
4377,Cat
4378,Cat
4379,Cat
4380,Cat
4381,Cat
4382,Cat
4383,Cat
4384,Cat
4385,Cat
4386,Cat
4387,Cat
4388,Cat
4389,Cat
4390,Cat
4391,Cat
4392,Cat
4393,Cat
4394,Cat
4395,Cat
4396,Cat
4397,Cat
4398,Cat
4399,Cat
4400,Cat
4401,Cat
4402,Cat
4403,Cat
4404,Cat
4405,Cat
4406,Cat
4407,Cat
4408,Cat
4409,Cat
4410,Cat
4411,Cat
4412,Cat
4413,Cat
4414,Cat
4415,Cat
4416,Cat
4417,Cat
4418,Cat
4419,Cat
4420,Cat
4421,Cat
4422,Cat
4423,Cat
4424,Cat
4425,Cat
4426,Cat
4427,Cat
4428,Cat
4429,Cat
4430,Cat
4431,Cat
4432,Cat
4433,Cat
4434,Cat
4435,Cat
4436,Cat
4437,Cat
4438,Cat
4439,Cat
4440,Cat
4441,Cat
4442,Cat
4443,Cat
4444,Cat
4445,Cat
4446,Cat
4447,Cat
4448,Cat
4449,Cat
4450,Cat
4451,Cat
4452,Cat
4453,Cat
4454,Cat
4455,Cat
4456,Cat
4457,Cat
4458,Cat
4459,Cat
4460,Cat
4461,Cat
4462,Cat
4463,Cat
4464,Cat
4465,Cat
4466,Cat
4467,Cat
4468,Cat
4469,Cat
4470,Cat
4471,Cat
4472,Cat
4473,Cat
4474,Cat
4475,Cat
4476,Cat
4477,Cat
4478,Cat
4479,Cat
4480,Cat
4481,Cat
4482,Cat
4483,Cat
4484,Cat
4485,Cat
4486,Cat
4487,Cat
4488,Cat
4489,Cat
4490,Cat
4491,Cat
4492,Cat
4493,Cat
4494,Cat
4495,Cat
4496,Cat
4497,Cat
4498,Cat
4499,Cat
4500,Cat
4501,Cat
4502,Cat
4503,Cat
4504,Cat
4505,Cat
4506,Cat
4507,Cat
4508,Cat
4509,Cat
4510,Cat
4511,Cat
4512,Cat
4513,Cat
4514,Cat
4515,Cat
4516,Cat
4517,Cat
4518,Cat
4519,Cat
4520,Cat
4521,Cat
4522,Cat
4523,Cat
4524,Cat
4525,Cat
4526,Cat
4527,Cat
4528,Cat
4529,Cat
4530,Cat
4531,Cat
4532,Cat
4533,Cat
4534,Cat
4535,Cat
4536,Cat
4537,Cat
4538,Cat
4539,Cat
4540,Cat
4541,Cat
4542,Cat
4543,Cat
4544,Cat
4545,Cat
4546,Cat
4547,Cat
4548,Cat
4549,Cat
4550,Cat
4551,Cat
4552,Cat
4553,Cat
4554,Cat
4555,Cat
4556,Cat
4557,Cat
4558,Cat
4559,Cat
4560,Cat
4561,Cat
4562,Cat
4563,Cat
4564,Cat
4565,Cat
4566,Cat
4567,Cat
4568,Cat
4569,Cat
4570,Cat
4571,Cat
4572,Cat
4573,Cat
4574,Cat
4575,Cat
4576,Cat
4577,Cat
4578,Cat
4579,Cat
4580,Cat
4581,Cat
4582,Cat
4583,Cat
4584,Cat
4585,Cat
4586,Cat
4587,Cat
4588,Cat
4589,Cat
4590,Cat
4591,Cat
4592,Cat
4593,Cat
4594,Cat
4595,Cat
4596,Cat
4597,Cat
4598,Cat
4599,Cat
4600,Cat
4601,Cat
4602,Cat
4603,Cat
4604,Cat
4605,Cat
4606,Cat
4607,Cat
4608,Cat
4609,Cat
4610,Cat
4611,Cat
4612,Cat
4613,Cat
4614,Cat
4615,Cat
4616,Cat
4617,Cat
4618,Cat
4619,Cat
4620,Cat
4621,Cat
4622,Cat
4623,Cat
4624,Cat
4625,Cat
4626,Cat
4627,Cat
4628,Cat
4629,Cat
4630,Cat
4631,Cat
4632,Cat
4633,Cat
4634,Cat
4635,Cat
4636,Cat
4637,Cat
4638,Cat
4639,Cat
4640,Cat
4641,Cat
4642,Cat
4643,Cat
4644,Cat
4645,Cat
4646,Cat
4647,Cat
4648,Cat
4649,Cat
4650,Cat
4651,Cat
4652,Cat
4653,Cat
4654,Cat
4655,Cat
4656,Cat
4657,Cat
4658,Cat
4659,Cat
4660,Cat
4661,Cat
4662,Cat
4663,Cat
4664,Cat
4665,Cat
4666,Cat
4667,Cat
4668,Cat
4669,Cat
4670,Cat
4671,Cat
4672,Cat
4673,Cat
4674,Cat
4675,Cat
4676,Cat
4677,Cat
4678,Cat
4679,Cat
4680,Cat
4681,Cat
4682,Cat
4683,Cat
4684,Cat
4685,Cat
4686,Cat
4687,Cat
4688,Cat
4689,Cat
4690,Cat
4691,Cat
4692,Cat
4693,Cat
4694,Cat
4695,Cat
4696,Cat
4697,Cat
4698,Cat
4699,Cat
4700,Cat
4701,Cat
4702,Cat
4703,Cat
4704,Cat
4705,Cat
4706,Cat
4707,Cat
4708,Cat
4709,Cat
4710,Cat
4711,Cat
4712,Cat
4713,Cat
4714,Cat
4715,Cat
4716,Cat
4717,Cat
4718,Cat
4719,Cat
4720,Cat
4721,Cat
4722,Cat
4723,Cat
4724,Cat
4725,Cat
4726,Cat
4727,Cat
4728,Cat
4729,Cat
4730,Cat
4731,Cat
4732,Cat
4733,Cat
4734,Cat
4735,Cat
4736,Cat
4737,Cat
4738,Cat
4739,Cat
4740,Cat
4741,Cat
4742,Cat
4743,Cat
4744,Cat
4745,Cat
4746,Cat
4747,Cat
4748,Cat
4749,Cat
4750,Cat
4751,Cat
4752,Cat
4753,Cat
4754,Cat
4755,Cat
4756,Cat
4757,Cat
4758,Cat
4759,Cat
4760,Cat
4761,Cat
4762,Cat
4763,Cat
4764,Cat
4765,Cat
4766,Cat
4767,Cat
4768,Cat
4769,Cat
4770,Cat
4771,Cat
4772,Cat
4773,Cat
4774,Cat
4775,Cat
4776,Cat
4777,Cat
4778,Cat
4779,Cat
4780,Cat
4781,Cat
4782,Cat
4783,Cat
4784,Cat
4785,Cat
4786,Cat
4787,Cat
4788,Cat
4789,Cat
4790,Cat
4791,Cat
4792,Cat
4793,Cat
4794,Cat
4795,Cat
4796,Cat
4797,Cat
4798,Cat
4799,Cat
4800,Cat
4801,Cat
4802,Cat
4803,Cat
4804,Cat
4805,Cat
4806,Cat
4807,Cat
4808,Cat
4809,Cat
4810,Cat
4811,Cat
4812,Cat
4813,Cat
4814,Cat
4815,Cat
4816,Cat
4817,Cat
4818,Cat
4819,Cat
4820,Cat
4821,Cat
4822,Cat
4823,Cat
4824,Cat
4825,Cat
4826,Cat
4827,Cat
4828,Cat
4829,Cat
4830,Cat
4831,Cat
4832,Cat
4833,Cat
4834,Cat
4835,Cat
4836,Cat
4837,Cat
4838,Cat
4839,Cat
4840,Cat
4841,Cat
4842,Cat
4843,Cat
4844,Cat
4845,Cat
4846,Cat
4847,Cat
4848,Cat
4849,Cat
4850,Cat
4851,Cat
4852,Cat
4853,Cat
4854,Cat
4855,Cat
4856,Cat
4857,Cat
4858,Cat
4859,Cat
4860,Cat
4861,Cat
4862,Cat
4863,Cat
4864,Cat
4865,Cat
4866,Cat
4867,Cat
4868,Cat
4869,Cat
4870,Cat
4871,Cat
4872,Cat
4873,Cat
4874,Cat
4875,Cat
4876,Cat
4877,Cat
4878,Cat
4879,Cat
4880,Cat
4881,Cat
4882,Cat
4883,Cat
4884,Cat
4885,Cat
4886,Cat
4887,Cat
4888,Cat
4889,Cat
4890,Cat
4891,Cat
4892,Cat
4893,Cat
4894,Cat
4895,Cat
4896,Cat
4897,Cat
4898,Cat
4899,Cat
4900,Cat
4901,Cat
4902,Cat
4903,Cat
4904,Cat
4905,Cat
4906,Cat
4907,Cat
4908,Cat
4909,Cat
4910,Cat
4911,Cat
4912,Cat
4913,Cat
4914,Cat
4915,Cat
4916,Cat
4917,Cat
4918,Cat
4919,Cat
4920,Cat
4921,Cat
4922,Cat
4923,Cat
4924,Cat
4925,Cat
4926,Cat
4927,Cat
4928,Cat
4929,Cat
4930,Cat
4931,Cat
4932,Cat
4933,Cat
4934,Cat
4935,Cat
4936,Cat
4937,Cat
4938,Cat
4939,Cat
4940,Cat
4941,Cat
4942,Cat
4943,Cat
4944,Cat
4945,Cat
4946,Cat
4947,Cat
4948,Cat
4949,Cat
4950,Cat
4951,Cat
4952,Cat
4953,Cat
4954,Cat
4955,Cat
4956,Cat
4957,Cat
4958,Cat
4959,Cat
4960,Cat
4961,Cat
4962,Cat
4963,Cat
4964,Cat
4965,Cat
4966,Cat
4967,Cat
4968,Cat
4969,Cat
4970,Cat
4971,Cat
4972,Cat
4973,Cat
4974,Cat
4975,Cat
4976,Cat
4977,Cat
4978,Cat
4979,Cat
4980,Cat
4981,Cat
4982,Cat
4983,Cat
4984,Cat
4985,Cat
4986,Cat
4987,Cat
4988,Cat
4989,Cat
4990,Cat
4991,Cat
4992,Cat
4993,Cat
4994,Cat
4995,Cat
4996,Cat
4997,Cat
4998,Cat
4999,Cat
5000,Cat
5001,Cat
5002,Cat
5003,Cat
5004,Cat
5005,Cat
5006,Cat
5007,Cat
5008,Cat
5009,Cat
5010,Cat
5011,Cat
5012,Cat
5013,Cat
5014,Cat
5015,Cat
5016,Cat
5017,Cat
5018,Cat
5019,Cat
5020,Cat
5021,Cat
5022,Cat
5023,Cat
5024,Cat
5025,Cat
5026,Cat
5027,Cat
5028,Cat
5029,Cat
5030,Cat
5031,Cat
5032,Cat
5033,Cat
5034,Cat
5035,Cat
5036,Cat
5037,Cat
5038,Cat
5039,Cat
5040,Cat
5041,Cat
5042,Cat
5043,Cat
5044,Cat
5045,Cat
5046,Cat
5047,Cat
5048,Cat
5049,Cat
5050,Cat
5051,Cat
5052,Cat
5053,Cat
5054,Cat
5055,Cat
5056,Cat
5057,Cat
5058,Cat
5059,Cat
5060,Cat
5061,Cat
5062,Cat
5063,Cat
5064,Cat
5065,Cat
5066,Cat
5067,Cat
5068,Cat
5069,Cat
5070,Cat
5071,Cat
5072,Cat
5073,Cat
5074,Cat
5075,Cat
5076,Cat
5077,Cat
5078,Cat
5079,Cat
5080,Cat
5081,Cat
5082,Cat
5083,Cat
5084,Cat
5085,Cat
5086,Cat
5087,Cat
5088,Cat
5089,Cat
5090,Cat
5091,Cat
5092,Cat
5093,Cat
5094,Cat
5095,Cat
5096,Cat
5097,Cat
5098,Cat
5099,Cat
5100,Cat
5101,Cat
5102,Cat
5103,Cat
5104,Cat
5105,Cat
5106,Cat
5107,Cat
5108,Cat
5109,Cat
5110,Cat
5111,Cat
5112,Cat
5113,Cat
5114,Cat
5115,Cat
5116,Cat
5117,Cat
5118,Cat
5119,Cat
5120,Cat
5121,Cat
5122,Cat
5123,Cat
5124,Cat
5125,Cat
5126,Cat
5127,Cat
5128,Cat
5129,Cat
5130,Cat
5131,Cat
5132,Cat
5133,Cat
5134,Cat
5135,Cat
5136,Cat
5137,Cat
5138,Cat
5139,Cat
5140,Cat
5141,Cat
5142,Cat
5143,Cat
5144,Cat
5145,Cat
5146,Cat
5147,Cat
5148,Cat
5149,Cat
5150,Cat
5151,Cat
5152,Cat
5153,Cat
5154,Cat
5155,Cat
5156,Cat
5157,Cat
5158,Cat
5159,Cat
5160,Cat
5161,Cat
5162,Cat
5163,Cat
5164,Cat
5165,Cat
5166,Cat
5167,Cat
5168,Cat
5169,Cat
5170,Cat
5171,Cat
5172,Cat
5173,Cat
5174,Cat
5175,Cat
5176,Cat
5177,Cat
5178,Cat
5179,Cat
5180,Cat
5181,Cat
5182,Cat
5183,Cat
5184,Cat
5185,Cat
5186,Cat
5187,Cat
5188,Cat
5189,Cat
5190,Cat
5191,Cat
5192,Cat
5193,Cat
5194,Cat
5195,Cat
5196,Cat
5197,Cat
5198,Cat
5199,Cat
5200,Cat
5201,Cat
5202,Cat
5203,Cat
5204,Cat
5205,Cat
5206,Cat
5207,Cat
5208,Cat
5209,Cat
5210,Cat
5211,Cat
5212,Cat
5213,Cat
5214,Cat
5215,Cat
5216,Cat
5217,Cat
5218,Cat
5219,Cat
5220,Cat
5221,Cat
5222,Cat
5223,Cat
5224,Cat
5225,Cat
5226,Cat
5227,Cat
5228,Cat
5229,Cat
5230,Cat
5231,Cat
5232,Cat
5233,Cat
5234,Cat
5235,Cat
5236,Cat
5237,Cat
5238,Cat
5239,Cat
5240,Cat
5241,Cat
5242,Cat
5243,Cat
5244,Cat
5245,Cat
5246,Cat
5247,Cat
5248,Cat
5249,Cat
5250,Cat
5251,Cat
5252,Cat
5253,Cat
5254,Cat
5255,Cat
5256,Cat
5257,Cat
5258,Cat
5259,Cat
5260,Cat
5261,Cat
5262,Cat
5263,Cat
5264,Cat
5265,Cat
5266,Cat
5267,Cat
5268,Cat
5269,Cat
5270,Cat
5271,Cat
5272,Cat
5273,Cat
5274,Cat
5275,Cat
5276,Cat
5277,Cat
5278,Cat
5279,Cat
5280,Cat
5281,Cat
5282,Cat
5283,Cat
5284,Cat
5285,Cat
5286,Cat
5287,Cat
5288,Cat
5289,Cat
5290,Cat
5291,Cat
5292,Cat
5293,Cat
5294,Cat
5295,Cat
5296,Cat
5297,Cat
5298,Cat
5299,Cat
5300,Cat
5301,Cat
5302,Cat
5303,Cat
5304,Cat
5305,Cat
5306,Cat
5307,Cat
5308,Cat
5309,Cat
5310,Cat
5311,Cat
5312,Cat
5313,Cat
5314,Cat
5315,Cat
5316,Cat
5317,Cat
5318,Cat
5319,Cat
5320,Cat
5321,Cat
5322,Cat
5323,Cat
5324,Cat
5325,Cat
5326,Cat
5327,Cat
5328,Cat
5329,Cat
5330,Cat
5331,Cat
5332,Cat
5333,Cat
5334,Cat
5335,Cat
5336,Cat
5337,Cat
5338,Cat
5339,Cat
5340,Cat
5341,Cat
5342,Cat
5343,Cat
5344,Cat
5345,Cat
5346,Cat
5347,Cat
5348,Cat
5349,Cat
5350,Cat
5351,Cat
5352,Cat
5353,Cat
5354,Cat
5355,Cat
5356,Cat
5357,Cat
5358,Cat
5359,Cat
5360,Cat
5361,Cat
5362,Cat
5363,Cat
5364,Cat
5365,Cat
5366,Cat
5367,Cat
5368,Cat
5369,Cat
5370,Cat
5371,Cat
5372,Cat
5373,Cat
5374,Cat
5375,Cat
5376,Cat
5377,Cat
5378,Cat
5379,Cat
5380,Cat
5381,Cat
5382,Cat
5383,Cat
5384,Cat
5385,Cat
5386,Cat
5387,Cat
5388,Cat
5389,Cat
5390,Cat
5391,Cat
5392,Cat
5393,Cat
5394,Cat
5395,Cat
5396,Cat
5397,Cat
5398,Cat
5399,Cat
5400,Cat
5401,Cat
5402,Cat
5403,Cat
5404,Cat
5405,Cat
5406,Cat
5407,Cat
5408,Cat
5409,Cat
5410,Cat
5411,Cat
5412,Cat
5413,Cat
5414,Cat
5415,Cat
5416,Cat
5417,Cat
5418,Cat
5419,Cat
5420,Cat
5421,Cat
5422,Cat
5423,Cat
5424,Cat
5425,Cat
5426,Cat
5427,Cat
5428,Cat
5429,Cat
5430,Cat
5431,Cat
5432,Cat
5433,Cat
5434,Cat
5435,Cat
5436,Cat
5437,Cat
5438,Cat
5439,Cat
5440,Cat
5441,Cat
5442,Cat
5443,Cat
5444,Cat
5445,Cat
5446,Cat
5447,Cat
5448,Cat
5449,Cat
5450,Cat
5451,Cat
5452,Cat
5453,Cat
5454,Cat
5455,Cat
5456,Cat
5457,Cat
5458,Cat
5459,Cat
5460,Cat
5461,Cat
5462,Cat
5463,Cat
5464,Cat
5465,Cat
5466,Cat
5467,Cat
5468,Cat
5469,Cat
5470,Cat
5471,Cat
5472,Cat
5473,Cat
5474,Cat
5475,Cat
5476,Cat
5477,Cat
5478,Cat
5479,Cat
5480,Cat
5481,Cat
5482,Cat
5483,Cat
5484,Cat
5485,Cat
5486,Cat
5487,Cat
5488,Cat
5489,Cat
5490,Cat
5491,Cat
5492,Cat
5493,Cat
5494,Cat
5495,Cat
5496,Cat
5497,Cat
5498,Cat
5499,Cat
5500,Cat
5501,Cat
5502,Cat
5503,Cat
5504,Cat
5505,Cat
5506,Cat
5507,Cat
5508,Cat
5509,Cat
5510,Cat
5511,Cat
5512,Cat
5513,Cat
5514,Cat
5515,Cat
5516,Cat
5517,Cat
5518,Cat
5519,Cat
5520,Cat
5521,Cat
5522,Cat
5523,Cat
5524,Cat
5525,Cat
5526,Cat
5527,Cat
5528,Cat
5529,Cat
5530,Cat
5531,Cat
5532,Cat
5533,Cat
5534,Cat
5535,Cat
5536,Cat
5537,Cat
5538,Cat
5539,Cat
5540,Cat
5541,Cat
5542,Cat
5543,Cat
5544,Cat
5545,Cat
5546,Cat
5547,Cat
5548,Cat
5549,Cat
5550,Cat
5551,Cat
5552,Cat
5553,Cat
5554,Cat
5555,Cat
5556,Cat
5557,Cat
5558,Cat
5559,Cat
5560,Cat
5561,Cat
5562,Cat
5563,Cat
5564,Cat
5565,Cat
5566,Cat
5567,Cat
5568,Cat
5569,Cat
5570,Cat
5571,Cat
5572,Cat
5573,Cat
5574,Cat
5575,Cat
5576,Cat
5577,Cat
5578,Cat
5579,Cat
5580,Cat
5581,Cat
5582,Cat
5583,Cat
5584,Cat
5585,Cat
5586,Cat
5587,Cat
5588,Cat
5589,Cat
5590,Cat
5591,Cat
5592,Cat
5593,Cat
5594,Cat
5595,Cat
5596,Cat
5597,Cat
5598,Cat
5599,Cat
5600,Cat
5601,Cat
5602,Cat
5603,Cat
5604,Cat
5605,Cat
5606,Cat
5607,Cat
5608,Cat
5609,Cat
5610,Cat
5611,Cat
5612,Cat
5613,Cat
5614,Cat
5615,Cat
5616,Cat
5617,Cat
5618,Cat
5619,Cat
5620,Cat
5621,Cat
5622,Cat
5623,Cat
5624,Cat
5625,Cat
5626,Cat
5627,Cat
5628,Cat
5629,Cat
5630,Cat
5631,Cat
5632,Cat
5633,Cat
5634,Cat
5635,Cat
5636,Cat
5637,Cat
5638,Cat
5639,Cat
5640,Cat
5641,Cat
5642,Cat
5643,Cat
5644,Cat
5645,Cat
5646,Cat
5647,Cat
5648,Cat
5649,Cat
5650,Cat
5651,Cat
5652,Cat
5653,Cat
5654,Cat
5655,Cat
5656,Cat
5657,Cat
5658,Cat
5659,Cat
5660,Cat
5661,Cat
5662,Cat
5663,Cat
5664,Cat
5665,Cat
5666,Cat
5667,Cat
5668,Cat
5669,Cat
5670,Cat
5671,Cat
5672,Cat
5673,Cat
5674,Cat
5675,Cat
5676,Cat
5677,Cat
5678,Cat
5679,Cat
5680,Cat
5681,Cat
5682,Cat
5683,Cat
5684,Cat
5685,Cat
5686,Cat
5687,Cat
5688,Cat
5689,Cat
5690,Cat
5691,Cat
5692,Cat
5693,Cat
5694,Cat
5695,Cat
5696,Cat
5697,Cat
5698,Cat
5699,Cat
5700,Cat
5701,Cat
5702,Cat
5703,Cat
5704,Cat
5705,Cat
5706,Cat
5707,Cat
5708,Cat
5709,Cat
5710,Cat
5711,Cat
5712,Cat
5713,Cat
5714,Cat
5715,Cat
5716,Cat
5717,Cat
5718,Cat
5719,Cat
5720,Cat
5721,Cat
5722,Cat
5723,Cat
5724,Cat
5725,Cat
5726,Cat
5727,Cat
5728,Cat
5729,Cat
5730,Cat
5731,Cat
5732,Cat
5733,Cat
5734,Cat
5735,Cat
5736,Cat
5737,Cat
5738,Cat
5739,Cat
5740,Cat
5741,Cat
5742,Cat
5743,Cat
5744,Cat
5745,Cat
5746,Cat
5747,Cat
5748,Cat
5749,Cat
5750,Cat
5751,Cat
5752,Cat
5753,Cat
5754,Cat
5755,Cat
5756,Cat
5757,Cat
5758,Cat
5759,Cat
5760,Cat
5761,Cat
5762,Cat
5763,Cat
5764,Cat
5765,Cat
5766,Cat
5767,Cat
5768,Cat
5769,Cat
5770,Cat
5771,Cat
5772,Cat
5773,Cat
5774,Cat
5775,Cat
5776,Cat
5777,Cat
5778,Cat
5779,Cat
5780,Cat
5781,Cat
5782,Cat
5783,Cat
5784,Cat
5785,Cat
5786,Cat
5787,Cat
5788,Cat
5789,Cat
5790,Cat
5791,Cat
5792,Cat
5793,Cat
5794,Cat
5795,Cat
5796,Cat
5797,Cat
5798,Cat
5799,Cat
5800,Cat
5801,Cat
5802,Cat
5803,Cat
5804,Cat
5805,Cat
5806,Cat
5807,Cat
5808,Cat
5809,Cat
5810,Cat
5811,Cat
5812,Cat
5813,Cat
5814,Cat
5815,Cat
5816,Cat
5817,Cat
10000,Cat
10001,Cat
10002,Cat
10003,Cat
10004,Cat
10005,Cat
10006,Cat
10007,Cat
10008,Cat
10009,Cat
10010,Cat
10011,Cat
10012,Cat
10013,Cat
10014,Cat
10015,Cat
10016,Cat
10017,Cat
10018,Cat
10019,Cat
10020,Cat
10021,Cat
10022,Cat
10023,Cat
10024,Cat
10025,Cat
10026,Cat
10027,Cat
10028,Cat
10029,Cat
10030,Cat
10031,Cat
10032,Cat
10033,Cat
10034,Cat
10035,Cat
10036,Cat
10037,Cat
10038,Cat
10039,Cat
10040,Cat
10041,Cat
10042,Cat
10043,Cat
10044,Cat
10045,Cat
10046,Cat
10047,Cat
10048,Cat
10049,Cat
10050,Cat
10051,Cat
10052,Cat
10053,Cat
10054,Cat
10055,Cat
10056,Cat
10057,Cat
10058,Cat
10059,Cat
10060,Cat
10061,Cat
10062,Cat
10063,Cat
10064,Cat
10065,Cat
10066,Cat
10067,Cat
10068,Cat
10069,Cat
10070,Cat
10071,Cat
10072,Cat
10073,Cat
10074,Cat
10075,Cat
10076,Cat
10077,Cat
10078,Cat
10079,Cat
10080,Cat
10081,Cat
10082,Cat
10083,Cat
10084,Cat
10085,Cat
10086,Cat
10087,Cat
10088,Cat
10089,Cat
10090,Cat
10091,Cat
10092,Cat
10093,Cat
10094,Cat
10095,Cat
10096,Cat
10097,Cat
10098,Cat
10099,Cat
10100,Cat
10101,Cat
10102,Cat
10103,Cat
10104,Cat
10105,Cat
10106,Cat
10107,Cat
10108,Cat
10109,Cat
10110,Cat
10111,Cat
10112,Cat
10113,Cat
10114,Cat
10115,Cat
10116,Cat
10117,Cat
10118,Cat
10119,Cat
10120,Cat
10121,Cat
10122,Cat
10123,Cat
10124,Cat
10125,Cat
10126,Cat
10127,Cat
10128,Cat
10129,Cat
10130,Cat
10131,Cat
10132,Cat
10133,Cat
10134,Cat
10135,Cat
10136,Cat
10137,Cat
10138,Cat
10139,Cat
10140,Cat
10141,Cat
10142,Cat
10143,Cat
10144,Cat
10145,Cat
10146,Cat
10147,Cat
10148,Cat
10149,Cat
10150,Cat
10151,Cat
10152,Cat
10153,Cat
10154,Cat
10155,Cat
10156,Cat
10157,Cat
10158,Cat
10159,Cat
10160,Cat
10161,Cat
10162,Cat
10163,Cat
10164,Cat
10165,Cat
10166,Cat
10167,Cat
10168,Cat
10169,Cat
10170,Cat
10171,Cat
10172,Cat
10173,Cat
10174,Cat
10175,Cat
10176,Cat
10177,Cat
10178,Cat
10179,Cat
10180,Cat
10181,Cat
10182,Cat
10183,Cat
10184,Cat
10185,Cat
10186,Cat
10187,Cat
10188,Cat
10189,Cat
10190,Cat
10191,Cat
10192,Cat
10193,Cat
10194,Cat
10195,Cat
10196,Cat
10197,Cat
10198,Cat
10199,Cat
10200,Cat
10201,Cat
10202,Cat
10203,Cat
10204,Cat
10205,Cat
10206,Cat
10207,Cat
10208,Cat
10209,Cat
10210,Cat
10211,Cat
10212,Cat
10213,Cat
10214,Cat
10215,Cat
10216,Cat
10217,Cat
10218,Cat
10219,Cat
10220,Cat
10221,Cat
10222,Cat
10223,Cat
10224,Cat
10225,Cat
10226,Cat
10227,Cat
10228,Cat
10229,Cat
10230,Cat
10231,Cat
10232,Cat
10233,Cat
10234,Cat
10235,Cat
10236,Cat
10237,Cat
10238,Cat
10239,Cat
10240,Cat
10241,Cat
10242,Cat
10243,Cat
10244,Cat
10245,Cat
10246,Cat
10247,Cat
10248,Cat
10249,Cat
10250,Cat
10251,Cat
10252,Cat
10253,Cat
10254,Cat
10255,Cat
10256,Cat
10257,Cat
10258,Cat
10259,Cat
10260,Cat
10261,Cat
10262,Cat
10263,Cat
10264,Cat
10265,Cat
10266,Cat
10267,Cat
10268,Cat
10269,Cat
10270,Cat
10271,Cat
10272,Cat
10273,Cat
10274,Cat
10275,Cat
10276,Cat
10277,Cat
10278,Cat
10279,Cat
10280,Cat
10281,Cat
10282,Cat
10283,Cat
10284,Cat
10285,Cat
10286,Cat
10287,Cat
10288,Cat
10289,Cat
10290,Cat
10291,Cat
10292,Cat
10293,Cat
10294,Cat
10295,Cat
10296,Cat
10297,Cat
10298,Cat
10299,Cat
10300,Cat
10301,Cat
10302,Cat
10303,Cat
10304,Cat
10305,Cat
10306,Cat
10307,Cat
10308,Cat
10309,Cat
10310,Cat
10311,Cat
10312,Cat
10313,Cat
10314,Cat
10315,Cat
10316,Cat
10317,Cat
10318,Cat
10319,Cat
10320,Cat
10321,Cat
10322,Cat
10323,Cat
10324,Cat
10325,Cat
10326,Cat
10327,Cat
10328,Cat
10329,Cat
10330,Cat
10331,Cat
10332,Cat
10333,Cat
10334,Cat
10335,Cat
10336,Cat
10337,Cat
10338,Cat
10339,Cat
10340,Cat
10341,Cat
10342,Cat
10343,Cat
10344,Cat
10345,Cat
10346,Cat
10347,Cat
10348,Cat
10349,Cat
10350,Cat
10351,Cat
10352,Cat
10353,Cat
10354,Cat
10355,Cat
10356,Cat
10357,Cat
10358,Cat
10359,Cat
10360,Cat
10361,Cat
10362,Cat
10363,Cat
10364,Cat
10365,Cat
10366,Cat
10367,Cat
10368,Cat
10369,Cat
10370,Cat
10371,Cat
10372,Cat
10373,Cat
10374,Cat
10375,Cat
10376,Cat
10377,Cat
10378,Cat
10379,Cat
10380,Cat
10381,Cat
10382,Cat
10383,Cat
10384,Cat
10385,Cat
10386,Cat
10387,Cat
10388,Cat
10389,Cat
10390,Cat
10391,Cat
10392,Cat
10393,Cat
10394,Cat
10395,Cat
10396,Cat
10397,Cat
10398,Cat
10399,Cat
10400,Cat
10401,Cat
10402,Cat
10403,Cat
10404,Cat
10405,Cat
10406,Cat
10407,Cat
10408,Cat
10409,Cat
10410,Cat
10411,Cat
10412,Cat
10413,Cat
10414,Cat
10415,Cat
10416,Cat
10417,Cat
10418,Cat
10419,Cat
10420,Cat
10421,Cat
10422,Cat
10423,Cat
10424,Cat
10425,Cat
10426,Cat
10427,Cat
10428,Cat
10429,Cat
10430,Cat
10431,Cat
10432,Cat
10433,Cat
10434,Cat
10435,Cat
10436,Cat
10437,Cat
10438,Cat
10439,Cat
10440,Cat
10441,Cat
10442,Cat
10443,Cat
10444,Cat
10445,Cat
10446,Cat
10447,Cat
10448,Cat
10449,Cat
10450,Cat
10451,Cat
10452,Cat
10453,Cat
10454,Cat
10455,Cat
10456,Cat
10457,Cat
10458,Cat
10459,Cat
10460,Cat
10461,Cat
10462,Cat
10463,Cat
10464,Cat
10465,Cat
10466,Cat
10467,Cat
10468,Cat
10469,Cat
10470,Cat
10471,Cat
10472,Cat
10473,Cat
10474,Cat
10475,Cat
10476,Cat
10477,Cat
10478,Cat
10479,Cat
10480,Cat
10481,Cat
10482,Cat
10483,Cat
10484,Cat
10485,Cat
10486,Cat
10487,Cat
10488,Cat
10489,Cat
10490,Cat
10491,Cat
10492,Cat
10493,Cat
10494,Cat
10495,Cat
10496,Cat
10497,Cat
10498,Cat
10499,Cat
10500,Cat
10501,Cat
10502,Cat
10503,Cat
10504,Cat
10505,Cat
10506,Cat
10507,Cat
10508,Cat
10509,Cat
10510,Cat
10511,Cat
10512,Cat
10513,Cat
10514,Cat
10515,Cat
10516,Cat
10517,Cat
10518,Cat
10519,Cat
10520,Cat
10521,Cat
10522,Cat
10523,Cat
10524,Cat
10525,Cat
10526,Cat
10527,Cat
10528,Cat
10529,Cat
10530,Cat
10531,Cat
10532,Cat
10533,Cat
10534,Cat
10535,Cat
10536,Cat
10537,Cat
10538,Cat
10539,Cat
10540,Cat
10541,Cat
10542,Cat
10543,Cat
10544,Cat
10545,Cat
10546,Cat
10547,Cat
10548,Cat
10549,Cat
10550,Cat
10551,Cat
10552,Cat
10553,Cat
10554,Cat
10555,Cat
10556,Cat
10557,Cat
10558,Cat
10559,Cat
10560,Cat
10561,Cat
10562,Cat
10563,Cat
10564,Cat
10565,Cat
10566,Cat
10567,Cat
10568,Cat
10569,Cat
10570,Cat
10571,Cat
10572,Cat
10573,Cat
10574,Cat
10575,Cat
10576,Cat
10577,Cat
10578,Cat
10579,Cat
10580,Cat
10581,Cat
10582,Cat
10583,Cat
10584,Cat
10585,Cat
10586,Cat
10587,Cat
10588,Cat
10589,Cat
10590,Cat
10591,Cat
10592,Cat
10593,Cat
10594,Cat
10595,Cat
10596,Cat
10597,Cat
10598,Cat
10599,Cat
10600,Cat
10601,Cat
10602,Cat
10603,Cat
10604,Cat
10605,Cat
10606,Cat
10607,Cat
10608,Cat
10609,Cat
10610,Cat
10611,Cat
10612,Cat
10613,Cat
10614,Cat
10615,Cat
10616,Cat
10617,Cat
10618,Cat
10619,Cat
10620,Cat
10621,Cat
10622,Cat
10623,Cat
10624,Cat
10625,Cat
10626,Cat
10627,Cat
10628,Cat
10629,Cat
10630,Cat
10631,Cat
10632,Cat
10633,Cat
10634,Cat
10635,Cat
10636,Cat
10637,Cat
10638,Cat
10639,Cat
10640,Cat
10641,Cat
10642,Cat
10643,Cat
10644,Cat
10645,Cat
10646,Cat
10647,Cat
10648,Cat
10649,Cat
10650,Cat
10651,Cat
10652,Cat
10653,Cat
10654,Cat
10655,Cat
10656,Cat
10657,Cat
10658,Cat
10659,Cat
10660,Cat
10661,Cat
10662,Cat
10663,Cat
10664,Cat
10665,Cat
10666,Cat
10667,Cat
10668,Cat
10669,Cat
10670,Cat
10671,Cat
10672,Cat
10673,Cat
10674,Cat
10675,Cat
10676,Cat
10677,Cat
10678,Cat
10679,Cat
10680,Cat
10681,Cat
10682,Cat
10683,Cat
10684,Cat
10685,Cat
10686,Cat
10687,Cat
10688,Cat
10689,Cat
10690,Cat
10691,Cat
10692,Cat
10693,Cat
10694,Cat
10695,Cat
10696,Cat
10697,Cat
10698,Cat
10699,Cat
10700,Cat
10701,Cat
10702,Cat
10703,Cat
10704,Cat
10705,Cat
10706,Cat
10707,Cat
10708,Cat
10709,Cat
10710,Cat
10711,Cat
10712,Cat
10713,Cat
10714,Cat
10715,Cat
10716,Cat
10717,Cat
10718,Cat
10719,Cat
10720,Cat
10721,Cat
10722,Cat
10723,Cat
10724,Cat
10725,Cat
10726,Cat
10727,Cat
10728,Cat
10729,Cat
10730,Cat
10731,Cat
10732,Cat
10733,Cat
10734,Cat
10735,Cat
10736,Cat
10737,Cat
10738,Cat
10739,Cat
10740,Cat
10741,Cat
10742,Cat
10743,Cat
10744,Cat
10745,Cat
10746,Cat
10747,Cat
10748,Cat
10749,Cat
10750,Cat
10751,Cat
10752,Cat
10753,Cat
10754,Cat
10755,Cat
10756,Cat
10757,Cat
10758,Cat
10759,Cat
10760,Cat
10761,Cat
10762,Cat
10763,Cat
10764,Cat
10765,Cat
10766,Cat
10767,Cat
10768,Cat
10769,Cat
10770,Cat
10771,Cat
10772,Cat
10773,Cat
10774,Cat
10775,Cat
10776,Cat
10777,Cat
10778,Cat
10779,Cat
10780,Cat
10781,Cat
10782,Cat
10783,Cat
10784,Cat
10785,Cat
10786,Cat
10787,Cat
10788,Cat
10789,Cat
10790,Cat
10791,Cat
10792,Cat
10793,Cat
10794,Cat
10795,Cat
10796,Cat
10797,Cat
10798,Cat
10799,Cat
10800,Cat
10801,Cat
10802,Cat
10803,Cat
10804,Cat
10805,Cat
10806,Cat
10807,Cat
10808,Cat
10809,Cat
10810,Cat
10811,Cat
10812,Cat
10813,Cat
10814,Cat
10815,Cat
10816,Cat
10817,Cat
10818,Cat
10819,Cat
10820,Cat
10821,Cat
10822,Cat
10823,Cat
10824,Cat
10825,Cat
10826,Cat
10827,Cat
10828,Cat
10829,Cat
10830,Cat
10831,Cat
10832,Cat
10833,Cat
10834,Cat
10835,Cat
10836,Cat
10837,Cat
10838,Cat
10839,Cat
10840,Cat
10841,Cat
10842,Cat
10843,Cat
10844,Cat
10845,Cat
10846,Cat
10847,Cat
10848,Cat
10849,Cat
10850,Cat
10851,Cat
10852,Cat
10853,Cat
10854,Cat
10855,Cat
10856,Cat
10857,Cat
10858,Cat
10859,Cat
10860,Cat
10861,Cat
10862,Cat
10863,Cat
10864,Cat
10865,Cat
10866,Cat
10867,Cat
10868,Cat
10869,Cat
10870,Cat
10871,Cat
10872,Cat
10873,Cat
10874,Cat
10875,Cat
10876,Cat
10877,Cat
10878,Cat
10879,Cat
10880,Cat
10881,Cat
10882,Cat
10883,Cat
10884,Cat
10885,Cat
10886,Cat
10887,Cat
10888,Cat
10889,Cat
10890,Cat
10891,Cat
10892,Cat
10893,Cat
10894,Cat
10895,Cat
10896,Cat
10897,Cat
10898,Cat
10899,Cat
10900,Cat
10901,Cat
10902,Cat
10903,Cat
10904,Cat
10905,Cat
10906,Cat
10907,Cat
10908,Cat
10909,Cat
10910,Cat
10911,Cat
10912,Cat
10913,Cat
10914,Cat
10915,Cat
10916,Cat
10917,Cat
10918,Cat
10919,Cat
10920,Cat
10921,Cat
10922,Cat
10923,Cat
10924,Cat
10925,Cat
10926,Cat
10927,Cat
10928,Cat
10929,Cat
10930,Cat
10931,Cat
10932,Cat
10933,Cat
10934,Cat
10935,Cat
10936,Cat
10937,Cat
10938,Cat
10939,Cat
10940,Cat
10941,Cat
10942,Cat
10943,Cat
10944,Cat
10945,Cat
10946,Cat
10947,Cat
10948,Cat
10949,Cat
10950,Cat
10951,Cat
10952,Cat
10953,Cat
10954,Cat
10955,Cat
10956,Cat
10957,Cat
10958,Cat
10959,Cat
10960,Cat
10961,Cat
10962,Cat
10963,Cat
10964,Cat
10965,Cat
10966,Cat
10967,Cat
10968,Cat
10969,Cat
10970,Cat
10971,Cat
10972,Cat
10973,Cat
10974,Cat
10975,Cat
10976,Cat
10977,Cat
10978,Cat
10979,Cat
10980,Cat
10981,Cat
10982,Cat
10983,Cat
10984,Cat
10985,Cat
10986,Cat
10987,Cat
10988,Cat
10989,Cat
10990,Cat
10991,Cat
10992,Cat
10993,Cat
10994,Cat
10995,Cat
10996,Cat
10997,Cat
10998,Cat
10999,Cat
11000,Cat
11001,Cat
11002,Cat
11003,Cat
11004,Cat
11005,Cat
11006,Cat
11007,Cat
11008,Cat
11009,Cat
11010,Cat
11011,Cat
11012,Cat
11013,Cat
11014,Cat
11015,Cat
11016,Cat
11017,Cat
11018,Cat
11019,Cat
11020,Cat
11021,Cat
11022,Cat
11023,Cat
11024,Cat
11025,Cat
11026,Cat
11027,Cat
11028,Cat
11029,Cat
11030,Cat
11031,Cat
11032,Cat
11033,Cat
11034,Cat
11035,Cat
11036,Cat
11037,Cat
11038,Cat
11039,Cat
11040,Cat
11041,Cat
11042,Cat
11043,Cat
11044,Cat
11045,Cat
11046,Cat
11047,Cat
11048,Cat
11049,Cat
11050,Cat
11051,Cat
11052,Cat
11053,Cat
11054,Cat
11055,Cat
11056,Cat
11057,Cat
11058,Cat
11059,Cat
11060,Cat
11061,Cat
11062,Cat
11063,Cat
11064,Cat
11065,Cat
11066,Cat
11067,Cat
11068,Cat
11069,Cat
11070,Cat
11071,Cat
11072,Cat
11073,Cat
11074,Cat
11075,Cat
11076,Cat
11077,Cat
11078,Cat
11079,Cat
11080,Cat
11081,Cat
11082,Cat
11083,Cat
11084,Cat
11085,Cat
11086,Cat
11087,Cat
11088,Cat
11089,Cat
11090,Cat
11091,Cat
11092,Cat
11093,Cat
11094,Cat
11095,Cat
11096,Cat
11097,Cat
11098,Cat
11099,Cat
11100,Cat
11101,Cat
11102,Cat
11103,Cat
11104,Cat
11105,Cat
11106,Cat
11107,Cat
11108,Cat
11109,Cat
11110,Cat
11111,Cat
11112,Cat
11113,Cat
11114,Cat
11115,Cat
11116,Cat
11117,Cat
11118,Cat
11119,Cat
11120,Cat
11121,Cat
11122,Cat
11123,Cat
11124,Cat
11125,Cat
11126,Cat
11127,Cat
11128,Cat
11129,Cat
11130,Cat
11131,Cat
11132,Cat
11133,Cat
11134,Cat
11135,Cat
11136,Cat
11137,Cat
11138,Cat
11139,Cat
11140,Cat
11141,Cat
11142,Cat
11143,Cat
11144,Cat
11145,Cat
11146,Cat
11147,Cat
11148,Cat
11149,Cat
11150,Cat
11151,Cat
11152,Cat
11153,Cat
11154,Cat
11155,Cat
11156,Cat
11157,Cat
11158,Cat
11159,Cat
11160,Cat
11161,Cat
11162,Cat
11163,Cat
11164,Cat
11165,Cat
11166,Cat
11167,Cat
11168,Cat
11169,Cat
11170,Cat
11171,Cat
11172,Cat
11173,Cat
11174,Cat
11175,Cat
11176,Cat
11177,Cat
11178,Cat
11179,Cat
11180,Cat
11181,Cat
11182,Cat
11183,Cat
11184,Cat
11185,Cat
11186,Cat
11187,Cat
11188,Cat
11189,Cat
11190,Cat
11191,Cat
11192,Cat
11193,Cat
11194,Cat
11195,Cat
11196,Cat
11197,Cat
11198,Cat
11199,Cat
11200,Cat
11201,Cat
11202,Cat
11203,Cat
11204,Cat
11205,Cat
11206,Cat
11207,Cat
11208,Cat
11209,Cat
11210,Cat
11211,Cat
11212,Cat
11213,Cat
11214,Cat
11215,Cat
11216,Cat
11217,Cat
11218,Cat
11219,Cat
11220,Cat
11221,Cat
11222,Cat
11223,Cat
11224,Cat
11225,Cat
11226,Cat
11227,Cat
11228,Cat
11229,Cat
11230,Cat
11231,Cat
11232,Cat
11233,Cat
11234,Cat
11235,Cat
11236,Cat
11237,Cat
11238,Cat
11239,Cat
11240,Cat
11241,Cat
11242,Cat
11243,Cat
11244,Cat
11245,Cat
11246,Cat
11247,Cat
11248,Cat
11249,Cat
11250,Cat
11251,Cat
11252,Cat
11253,Cat
11254,Cat
11255,Cat
11256,Cat
11257,Cat
11258,Cat
11259,Cat
11260,Cat
11261,Cat
11262,Cat
11263,Cat
11264,Cat
11265,Cat
11266,Cat
11267,Cat
11268,Cat
11269,Cat
11270,Cat
11271,Cat
11272,Cat
11273,Cat
11274,Cat
11275,Cat
11276,Cat
11277,Cat
11278,Cat
11279,Cat
11280,Cat
11281,Cat
11282,Cat
11283,Cat
11284,Cat
11285,Cat
11286,Cat
11287,Cat
11288,Cat
11289,Cat
11290,Cat
11291,Cat
11292,Cat
11293,Cat
11294,Cat
11295,Cat
11296,Cat
11297,Cat
11298,Cat
11299,Cat
11300,Cat
11301,Cat
11302,Cat
11303,Cat
11304,Cat
11305,Cat
11306,Cat
11307,Cat
11308,Cat
11309,Cat
11310,Cat
11311,Cat
11312,Cat
11313,Cat
11314,Cat
11315,Cat
11316,Cat
11317,Cat
11318,Cat
11319,Cat
11320,Cat
11321,Cat
11322,Cat
11323,Cat
11324,Cat
11325,Cat
11326,Cat
11327,Cat
11328,Cat
11329,Cat
11330,Cat
11331,Cat
11332,Cat
11333,Cat
11334,Cat
11335,Cat
11336,Cat
11337,Cat
11338,Cat
11339,Cat
11340,Cat
11341,Cat
11342,Cat
11343,Cat
11344,Cat
11345,Cat
11346,Cat
11347,Cat
11348,Cat
11349,Cat
11350,Cat
11351,Cat
11352,Cat
11353,Cat
11354,Cat
11355,Cat
11356,Cat
11357,Cat
11358,Cat
11359,Cat
11360,Cat
11361,Cat
11362,Cat
11363,Cat
11364,Cat
11365,Cat
11366,Cat
11367,Cat
11368,Cat
11369,Cat
11370,Cat
11371,Cat
11372,Cat
11373,Cat
11374,Cat
11375,Cat
11376,Cat
11377,Cat
11378,Cat
11379,Cat
11380,Cat
11381,Cat
11382,Cat
11383,Cat
11384,Cat
11385,Cat
11386,Cat
11387,Cat
11388,Cat
11389,Cat
11390,Cat
11391,Cat
11392,Cat
11393,Cat
11394,Cat
11395,Cat
11396,Cat
11397,Cat
11398,Cat
11399,Cat
11400,Cat
11401,Cat
11402,Cat
11403,Cat
11404,Cat
11405,Cat
11406,Cat
11407,Cat
11408,Cat
11409,Cat
11410,Cat
11411,Cat
11412,Cat
11413,Cat
11414,Cat
11415,Cat
11416,Cat
11417,Cat
11418,Cat
11419,Cat
11420,Cat
11421,Cat
11422,Cat
11423,Cat
11424,Cat
11425,Cat
11426,Cat
11427,Cat
11428,Cat
11429,Cat
11430,Cat
11431,Cat
11432,Cat
11433,Cat
11434,Cat
11435,Cat
11436,Cat
11437,Cat
11438,Cat
11439,Cat
11440,Cat
11441,Cat
11442,Cat
11443,Cat
11444,Cat
11445,Cat
11446,Cat
11447,Cat
11448,Cat
11449,Cat
11450,Cat
11451,Cat
11452,Cat
11453,Cat
11454,Cat
11455,Cat
11456,Cat
11457,Cat
11458,Cat
11459,Cat
11460,Cat
11461,Cat
11462,Cat
11463,Cat
11464,Cat
11465,Cat
11466,Cat
11467,Cat
11468,Cat
11469,Cat
11470,Cat
11471,Cat
11472,Cat
11473,Cat
11474,Cat
11475,Cat
11476,Cat
11477,Cat
11478,Cat
11479,Cat
11480,Cat
11481,Cat
11482,Cat
11483,Cat
11484,Cat
11485,Cat
11486,Cat
11487,Cat
11488,Cat
11489,Cat
11490,Cat
11491,Cat
11492,Cat
11493,Cat
11494,Cat
11495,Cat
11496,Cat
11497,Cat
11498,Cat
11499,Cat
11500,Cat
11501,Cat
11502,Cat
11503,Cat
11504,Cat
11505,Cat
11506,Cat
11507,Cat
11508,Cat
11509,Cat
11510,Cat
11511,Cat
11512,Cat
11513,Cat
11514,Cat
11515,Cat
11516,Cat
11517,Cat
11518,Cat
11519,Cat
11520,Cat
11521,Cat
11522,Cat
11523,Cat
11524,Cat
11525,Cat
11526,Cat
11527,Cat
11528,Cat
11529,Cat
11530,Cat
11531,Cat
11532,Cat
11533,Cat
11534,Cat
11535,Cat
11536,Cat
11537,Cat
11538,Cat
11539,Cat
11540,Cat
11541,Cat
11542,Cat
11543,Cat
11544,Cat
11545,Cat
11546,Cat
11547,Cat
11548,Cat
11549,Cat
11550,Cat
11551,Cat
11552,Cat
11553,Cat
11554,Cat
11555,Cat
11556,Cat
11557,Cat
11558,Cat
11559,Cat
11560,Cat
11561,Cat
11562,Cat
11563,Cat
11564,Cat
11565,Cat
11566,Cat
11567,Cat
11568,Cat
11569,Cat
11570,Cat
11571,Cat
11572,Cat
11573,Cat
11574,Cat
11575,Cat
11576,Cat
11577,Cat
11578,Cat
11579,Cat
11580,Cat
11581,Cat
11582,Cat
11583,Cat
11584,Cat
11585,Cat
11586,Cat
11587,Cat
11588,Cat
11589,Cat
11590,Cat
11591,Cat
11592,Cat
11593,Cat
11594,Cat
11595,Cat
11596,Cat
11597,Cat
11598,Cat
11599,Cat
11600,Cat
11601,Cat
11602,Cat
11603,Cat
11604,Cat
11605,Cat
11606,Cat
11607,Cat
11608,Cat
11609,Cat
11610,Cat
11611,Cat
11612,Cat
11613,Cat
11614,Cat
11615,Cat
11616,Cat
11617,Cat
11618,Cat
11619,Cat
11620,Cat
11621,Cat
11622,Cat
11623,Cat
11624,Cat
11625,Cat
11626,Cat
11627,Cat
11628,Cat
11629,Cat
11630,Cat
11631,Cat
11632,Cat
11633,Cat
11634,Cat
11635,Cat
11636,Cat
11637,Cat
11638,Cat
11639,Cat
11640,Cat
11641,Cat
11642,Cat
11643,Cat
11644,Cat
11645,Cat
11646,Cat
11647,Cat
11648,Cat
11649,Cat
11650,Cat
11651,Cat
11652,Cat
11653,Cat
11654,Cat
11655,Cat
11656,Cat
11657,Cat
11658,Cat
11659,Cat
11660,Cat
11661,Cat
11662,Cat
11663,Cat
11664,Cat
11665,Cat
11666,Cat
11667,Cat
11668,Cat
11669,Cat
11670,Cat
11671,Cat
11672,Cat
11673,Cat
11674,Cat
11675,Cat
11676,Cat
11677,Cat
11678,Cat
11679,Cat
11680,Cat
11681,Cat
11682,Cat
11683,Cat
11684,Cat
11685,Cat
11686,Cat
11687,Cat
11688,Cat
11689,Cat
11690,Cat
11691,Cat
11692,Cat
11693,Cat
11694,Cat
11695,Cat
11696,Cat
11697,Cat
11698,Cat
11699,Cat
11700,Cat
11701,Cat
11702,Cat
11703,Cat
11704,Cat
11705,Cat
11706,Cat
11707,Cat
11708,Cat
11709,Cat
11710,Cat
11711,Cat
11712,Cat
11713,Cat
11714,Cat
11715,Cat
11716,Cat
11717,Cat
11718,Cat
11719,Cat
11720,Cat
11721,Cat
11722,Cat
11723,Cat
11724,Cat
11725,Cat
11726,Cat
11727,Cat
11728,Cat
11729,Cat
11730,Cat
11731,Cat
11732,Cat
11733,Cat
11734,Cat
11735,Cat
11736,Cat
11737,Cat
11738,Cat
11739,Cat
11740,Cat
11741,Cat
11742,Cat
11743,Cat
11744,Cat
11745,Cat
11746,Cat
11747,Cat
11748,Cat
11749,Cat
11750,Cat
11751,Cat
11752,Cat
11753,Cat
11754,Cat
11755,Cat
11756,Cat
11757,Cat
11758,Cat
11759,Cat
11760,Cat
11761,Cat
11762,Cat
11763,Cat
11764,Cat
11765,Cat
11766,Cat
11767,Cat
11768,Cat
11769,Cat
11770,Cat
11771,Cat
11772,Cat
11773,Cat
11774,Cat
11775,Cat
11776,Cat
11777,Cat
11778,Cat
11779,Cat
11780,Cat
11781,Cat
11782,Cat
11783,Cat
11784,Cat
11785,Cat
11786,Cat
11787,Cat
11788,Cat
11789,Cat
11790,Cat
11791,Cat
11792,Cat
11793,Cat
11794,Cat
11795,Cat
11796,Cat
11797,Cat
11798,Cat
11799,Cat
11800,Cat
11801,Cat
11802,Cat
11803,Cat
11804,Cat
11805,Cat
11806,Cat
11807,Cat
11808,Cat
11809,Cat
11810,Cat
11811,Cat
11812,Cat
11813,Cat
11814,Cat
11815,Cat
11816,Cat
11817,Cat
11818,Cat
11819,Cat
11820,Cat
11821,Cat
11822,Cat
11823,Cat
11824,Cat
11825,Cat
11826,Cat
11827,Cat
11828,Cat
11829,Cat
11830,Cat
11831,Cat
11832,Cat
11833,Cat
11834,Cat
11835,Cat
11836,Cat
11837,Cat
11838,Cat
11839,Cat
11840,Cat
11841,Cat
11842,Cat
11843,Cat
11844,Cat
11845,Cat
11846,Cat
11847,Cat
11848,Cat
11849,Cat
11850,Cat
11851,Cat
11852,Cat
11853,Cat
11854,Cat
11855,Cat
11856,Cat
11857,Cat
11858,Cat
11859,Cat
11860,Cat
11861,Cat
11862,Cat
11863,Cat
11864,Cat
11865,Cat
11866,Cat
11867,Cat
11868,Cat
11869,Cat
11870,Cat
11871,Cat
11872,Cat
11873,Cat
11874,Cat
11875,Cat
11876,Cat
11877,Cat
11878,Cat
11879,Cat
11880,Cat
11881,Cat
11882,Cat
11883,Cat
11884,Cat
11885,Cat
11886,Cat
11887,Cat
11888,Cat
11889,Cat
11890,Cat
11891,Cat
11892,Cat
11893,Cat
11894,Cat
11895,Cat
11896,Cat
11897,Cat
11898,Cat
11899,Cat
11900,Cat
11901,Cat
11902,Cat
11903,Cat
11904,Cat
11905,Cat
11906,Cat
11907,Cat
11908,Cat
11909,Cat
11910,Cat
11911,Cat
11912,Cat
11913,Cat
11914,Cat
11915,Cat
11916,Cat
11917,Cat
11918,Cat
11919,Cat
11920,Cat
11921,Cat
11922,Cat
11923,Cat
11924,Cat
11925,Cat
11926,Cat
11927,Cat
11928,Cat
11929,Cat
11930,Cat
11931,Cat
11932,Cat
11933,Cat
11934,Cat
11935,Cat
11936,Cat
11937,Cat
11938,Cat
11939,Cat
11940,Cat
11941,Cat
11942,Cat
11943,Cat
11944,Cat
11945,Cat
11946,Cat
11947,Cat
11948,Cat
11949,Cat
11950,Cat
11951,Cat
11952,Cat
11953,Cat
11954,Cat
11955,Cat
11956,Cat
11957,Cat
11958,Cat
11959,Cat
11960,Cat
11961,Cat
11962,Cat
11963,Cat
11964,Cat
11965,Cat
11966,Cat
11967,Cat
11968,Cat
11969,Cat
11970,Cat
11971,Cat
11972,Cat
11973,Cat
11974,Cat
11975,Cat
11976,Cat
11977,Cat
11978,Cat
11979,Cat
11980,Cat
11981,Cat
11982,Cat
11983,Cat
11984,Cat
11985,Cat
11986,Cat
11987,Cat
11988,Cat
11989,Cat
11990,Cat
11991,Cat
11992,Cat
11993,Cat
11994,Cat
11995,Cat
11996,Cat
11997,Cat
11998,Cat
11999,Cat
12000,Cat
12001,Cat
12002,Cat
12003,Cat
12004,Cat
12005,Cat
12006,Cat
12007,Cat
12008,Cat
12009,Cat
12010,Cat
12011,Cat
12012,Cat
12013,Cat
12014,Cat
12015,Cat
12016,Cat
12017,Cat
12018,Cat
12019,Cat
12020,Cat
12021,Cat
12022,Cat
12023,Cat
12024,Cat
12025,Cat
12026,Cat
12027,Cat
12028,Cat
12029,Cat
12030,Cat
12031,Cat
12032,Cat
12033,Cat
12034,Cat
12035,Cat
12036,Cat
12037,Cat
12038,Cat
12039,Cat
12040,Cat
12041,Cat
12042,Cat
12043,Cat
12044,Cat
12045,Cat
12046,Cat
12047,Cat
12048,Cat
12049,Cat
12050,Cat
12051,Cat
12052,Cat
12053,Cat
12054,Cat
12055,Cat
12056,Cat
12057,Cat
12058,Cat
12059,Cat
12060,Cat
12061,Cat
12062,Cat
12063,Cat
12064,Cat
12065,Cat
12066,Cat
12067,Cat
12068,Cat
12069,Cat
12070,Cat
12071,Cat
12072,Cat
12073,Cat
12074,Cat
12075,Cat
12076,Cat
12077,Cat
12078,Cat
12079,Cat
12080,Cat
12081,Cat
12082,Cat
12083,Cat
12084,Cat
12085,Cat
12086,Cat
12087,Cat
12088,Cat
12089,Cat
12090,Cat
12091,Cat
12092,Cat
12093,Cat
12094,Cat
12095,Cat
12096,Cat
12097,Cat
12098,Cat
12099,Cat
12100,Cat
12101,Cat
12102,Cat
12103,Cat
12104,Cat
12105,Cat
12106,Cat
12107,Cat
12108,Cat
12109,Cat
12110,Cat
12111,Cat
12112,Cat
12113,Cat
12114,Cat
12115,Cat
12116,Cat
12117,Cat
12118,Cat
12119,Cat
12120,Cat
12121,Cat
12122,Cat
12123,Cat
12124,Cat
12125,Cat
12126,Cat
12127,Cat
12128,Cat
12129,Cat
12130,Cat
12131,Cat
12132,Cat
12133,Cat
12134,Cat
12135,Cat
12136,Cat
12137,Cat
12138,Cat
12139,Cat
12140,Cat
12141,Cat
12142,Cat
12143,Cat
12144,Cat
12145,Cat
12146,Cat
12147,Cat
12148,Cat
12149,Cat
12150,Cat
12151,Cat
12152,Cat
12153,Cat
12154,Cat
12155,Cat
12156,Cat
12157,Cat
12158,Cat
12159,Cat
12160,Cat
12161,Cat
12162,Cat
12163,Cat
12164,Cat
12165,Cat
12166,Cat
12167,Cat
12168,Cat
12169,Cat
12170,Cat
12171,Cat
12172,Cat
12173,Cat
12174,Cat
12175,Cat
12176,Cat
12177,Cat
12178,Cat
12179,Cat
12180,Cat
12181,Cat
12182,Cat
12183,Cat
12184,Cat
12185,Cat
12186,Cat
12187,Cat
12188,Cat
12189,Cat
12190,Cat
12191,Cat
12192,Cat
12193,Cat
12194,Cat
12195,Cat
12196,Cat
12197,Cat
12198,Cat
12199,Cat
12200,Cat
12201,Cat
12202,Cat
12203,Cat
12204,Cat
12205,Cat
12206,Cat
12207,Cat
12208,Cat
12209,Cat
12210,Cat
12211,Cat
12212,Cat
12213,Cat
12214,Cat
12215,Cat
12216,Cat
12217,Cat
12218,Cat
12219,Cat
12220,Cat
12221,Cat
12222,Cat
12223,Cat
12224,Cat
12225,Cat
12226,Cat
12227,Cat
12228,Cat
12229,Cat
12230,Cat
12231,Cat
12232,Cat
12233,Cat
12234,Cat
12235,Cat
12236,Cat
12237,Cat
12238,Cat
12239,Cat
12240,Cat
12241,Cat
12242,Cat
12243,Cat
12244,Cat
12245,Cat
12246,Cat
12247,Cat
12248,Cat
12249,Cat
12250,Cat
12251,Cat
12252,Cat
12253,Cat
12254,Cat
12255,Cat
12256,Cat
12257,Cat
12258,Cat
12259,Cat
12260,Cat
12261,Cat
12262,Cat
12263,Cat
12264,Cat
12265,Cat
12266,Cat
12267,Cat
12268,Cat
12269,Cat
12270,Cat
12271,Cat
12272,Cat
12273,Cat
12274,Cat
12275,Cat
12276,Cat
12277,Cat
12278,Cat
12279,Cat
12280,Cat
12281,Cat
12282,Cat
12283,Cat
12284,Cat
12285,Cat
12286,Cat
12287,Cat
12288,Cat
12289,Cat
12290,Cat
12291,Cat
12292,Cat
12293,Cat
12294,Cat
12295,Cat
12296,Cat
12297,Cat
12298,Cat
12299,Cat
12300,Cat
12301,Cat
12302,Cat
12303,Cat
12304,Cat
12305,Cat
12306,Cat
12307,Cat
12308,Cat
12309,Cat
12310,Cat
12311,Cat
12312,Cat
12313,Cat
12314,Cat
12315,Cat
12316,Cat
12317,Cat
12318,Cat
12319,Cat
12320,Cat
12321,Cat
12322,Cat
12323,Cat
12324,Cat
12325,Cat
12326,Cat
12327,Cat
12328,Cat
12329,Cat
12330,Cat
12331,Cat
12332,Cat
12333,Cat
12334,Cat
12335,Cat
12336,Cat
12337,Cat
12338,Cat
12339,Cat
12340,Cat
12341,Cat
12342,Cat
12343,Cat
12344,Cat
12345,Cat
12346,Cat
12347,Cat
12348,Cat
12349,Cat
12350,Cat
12351,Cat
12352,Cat
12353,Cat
12354,Cat
12355,Cat
12356,Cat
12357,Cat
12358,Cat
12359,Cat
12360,Cat
12361,Cat
12362,Cat
12363,Cat
12364,Cat
12365,Cat
12366,Cat
12367,Cat
12368,Cat
12369,Cat
12370,Cat
12371,Cat
12372,Cat
12373,Cat
12374,Cat
12375,Cat
12376,Cat
12377,Cat
12378,Cat
12379,Cat
12380,Cat
12381,Cat
12382,Cat
12383,Cat
12384,Cat
12385,Cat
12386,Cat
12387,Cat
12388,Cat
12389,Cat
12390,Cat
12391,Cat
12392,Cat
12393,Cat
12394,Cat
12395,Cat
12396,Cat
12397,Cat
12398,Cat
12399,Cat
12400,Cat
12401,Cat
12402,Cat
12403,Cat
12404,Cat
12405,Cat
12406,Cat
12407,Cat
12408,Cat
12409,Cat
12410,Cat
12411,Cat
12412,Cat
12413,Cat
12414,Cat
12415,Cat
12416,Cat
12417,Cat
12418,Cat
12419,Cat
12420,Cat
12421,Cat
12422,Cat
12423,Cat
12424,Cat
12425,Cat
12426,Cat
12427,Cat
12428,Cat
12429,Cat
12430,Cat
12431,Cat
12432,Cat
12433,Cat
12434,Cat
12435,Cat
12436,Cat
12437,Cat
12438,Cat
12439,Cat
12440,Cat
12441,Cat
12442,Cat
12443,Cat
12444,Cat
12445,Cat
12446,Cat
12447,Cat
12448,Cat
12449,Cat
12450,Cat
12451,Cat
12452,Cat
12453,Cat
12454,Cat
12455,Cat
12456,Cat
12457,Cat
12458,Cat
12459,Cat
12460,Cat
12461,Cat
12462,Cat
12463,Cat
12464,Cat
12465,Cat
12466,Cat
12467,Cat
12468,Cat
12469,Cat
12470,Cat
12471,Cat
12472,Cat
12473,Cat
12474,Cat
12475,Cat
12476,Cat
12477,Cat
12478,Cat
12479,Cat
12480,Cat
12481,Cat
12482,Cat
12483,Cat
12484,Cat
12485,Cat
12486,Cat
12487,Cat
12488,Cat
12489,Cat
12490,Cat
12491,Cat
12492,Cat
12493,Cat
12494,Cat
12495,Cat
12496,Cat
12497,Cat
12498,Cat
12499,Cat
12500,Cat
